T,rep,parse_us,merkle_us,fswa_us
1024,0,0.03,13.56,63.69
1024,1,0.04,13.00,59.07
1024,2,0.02,12.85,58.23
1024,3,0.02,12.73,58.23
1024,4,0.02,12.82,58.25
1024,5,0.02,12.74,63.76
1024,6,0.04,3177.73,47.48
1024,7,0.03,9.31,40.74
1024,8,0.02,8.73,40.26
1024,9,0.02,8.70,40.70
1024,10,0.02,9.00,41.37
1024,11,0.02,8.99,115.68
1024,12,0.05,16.62,41.59
1024,13,0.02,93.79,41.54
1024,14,0.02,9.45,43.41
1024,15,0.02,9.49,43.59
1024,16,0.02,9.55,43.65
1024,17,0.02,9.54,45.53
1024,18,0.02,10.47,595.33
1024,19,0.07,10.15,45.76
1024,20,0.02,9.87,68.23
1024,21,0.11,9.07,40.66
1024,22,0.02,8.67,51.70
1024,23,0.02,8.75,55.19
1024,24,0.03,8.68,77.34
1024,25,0.03,9.18,42.39
1024,26,0.02,17.02,64.30
1024,27,0.02,18.38,65.70
1024,28,0.02,9.68,84.19
1024,29,0.03,29.19,60.74
1024,30,0.03,32.64,72.21
1024,31,0.02,10.08,68.32
1024,32,0.03,10.06,88.05
1024,33,0.03,10.04,247.19
1024,34,0.05,34.65,71.11
1024,35,0.03,30.18,131.19
1024,36,0.03,32.65,73.81
1024,37,0.03,10.35,69.19
1024,38,0.03,40.26,94.00
1024,39,0.03,16.46,103.43
1024,40,0.03,18.26,82.51
1024,41,0.02,17.18,101.23
1024,42,0.03,10.26,121.49
1024,43,0.02,16.44,83.22
1024,44,0.03,31.58,2609.69
1024,45,0.07,12.37,155.47
1024,46,0.07,9.07,114.52
1024,47,0.03,10.66,44.92
1024,48,0.02,9.81,45.09
1024,49,0.02,9.83,54.15
1024,50,0.02,9.65,43.82
1024,51,0.02,9.58,43.19
1024,52,0.02,9.57,44.12
1024,53,0.02,9.52,43.62
1024,54,0.02,9.58,44.30
1024,55,0.02,9.58,44.28
1024,56,0.02,9.57,44.47
1024,57,0.02,9.57,43.05
1024,58,0.02,9.62,49.78
1024,59,0.02,9.71,43.51
1024,60,0.02,11.26,43.47
1024,61,0.02,9.64,43.76
1024,62,0.02,9.72,43.42
1024,63,0.02,9.73,43.29
1024,64,0.02,9.66,43.00
1024,65,0.02,9.59,43.28
1024,66,0.02,9.79,43.28
1024,67,0.02,9.64,44.00
1024,68,0.02,9.64,43.48
1024,69,0.02,9.45,44.02
1024,70,0.02,10.30,47.86
1024,71,0.02,10.05,55.38
1024,72,0.02,10.11,45.65
1024,73,0.02,10.17,46.00
1024,74,0.03,10.17,46.45
1024,75,0.03,10.14,46.99
1024,76,0.03,10.13,51.19
1024,77,0.03,11.12,50.74
1024,78,0.02,10.95,52.50
1024,79,0.02,11.33,50.87
1024,80,0.02,11.03,50.88
1024,81,0.02,11.13,59.23
1024,82,0.03,11.19,55.70
1024,83,0.03,11.60,51.91
1024,84,0.03,11.49,52.33
1024,85,0.03,11.25,64.99
1024,86,0.03,12.59,55.68
1024,87,0.03,12.20,56.23
1024,88,0.02,12.45,55.46
1024,89,0.03,12.13,55.97
1024,90,0.03,12.01,55.51
1024,91,0.02,12.72,79.52
1024,92,0.04,14.60,59.12
1024,93,0.03,12.77,60.31
1024,94,0.21,13.23,60.54
1024,95,0.03,13.37,61.23
1024,96,0.02,12.83,58.07
1024,97,0.02,12.77,60.58
1024,98,0.02,12.68,67.51
1024,99,0.03,12.54,56.82
1024,100,0.03,12.46,57.57
1024,101,0.03,12.91,58.17
1024,102,0.02,12.79,57.87
1024,103,0.03,12.55,57.11
1024,104,0.03,12.67,57.31
1024,105,0.02,12.57,58.62
1024,106,0.02,12.80,56.17
1024,107,0.02,11.67,53.22
1024,108,0.02,11.75,53.69
1024,109,0.02,11.68,327.82
1024,110,0.16,28.78,306.08
1024,111,0.02,56.40,358.55
1024,112,0.07,49.08,133.49
1024,113,0.02,14.29,46.92
1024,114,0.02,8.40,1902.03
1024,115,0.14,24.42,127.75
1024,116,0.05,22.95,122.58
1024,117,0.05,23.21,1039.77
1024,118,0.11,76.54,576.17
1024,119,0.05,23.56,160.81
1024,120,0.05,23.44,1402.59
1024,121,0.14,23.76,535.95
1024,122,0.10,24.20,128.28
1024,123,0.05,22.99,124.77
1024,124,0.05,23.09,150.00
1024,125,0.05,23.68,123.44
1024,126,0.05,22.90,121.61
1024,127,0.05,23.11,121.35
1024,128,0.05,23.10,121.44
1024,129,0.05,23.26,121.46
1024,130,0.05,22.92,121.60
1024,131,0.05,22.90,120.85
1024,132,0.05,22.91,121.06
1024,133,0.05,22.80,120.84
1024,134,0.05,22.95,120.70
1024,135,0.05,22.81,120.56
1024,136,0.05,23.03,182.22
1024,137,0.09,23.57,151.87
1024,138,0.05,23.71,134.83
1024,139,0.05,23.38,121.95
1024,140,0.05,28.18,130.72
1024,141,0.05,23.26,121.48
1024,142,0.05,23.02,121.23
1024,143,0.05,23.24,120.74
1024,144,0.05,22.92,121.21
1024,145,0.05,23.07,121.33
1024,146,0.05,22.90,121.15
1024,147,0.05,23.03,121.51
1024,148,0.05,22.96,121.23
1024,149,0.05,23.00,120.86
1024,150,0.05,23.26,146.37
1024,151,0.05,23.65,122.26
1024,152,0.05,23.08,121.44
1024,153,0.05,23.03,121.54
1024,154,0.05,23.31,121.40
1024,155,0.05,22.89,121.38
1024,156,0.05,23.08,121.77
1024,157,0.05,23.12,121.73
1024,158,0.05,23.30,123.23
1024,159,0.05,22.97,123.25
1024,160,0.05,23.44,122.74
1024,161,0.05,22.95,121.90
1024,162,0.05,22.90,149.34
1024,163,0.05,24.07,122.77
1024,164,0.05,23.21,131.29
1024,165,0.05,23.26,121.55
1024,166,0.05,22.99,136.83
1024,167,0.05,23.37,122.38
1024,168,0.05,23.14,139.01
1024,169,0.05,23.51,123.71
1024,170,0.05,23.19,121.93
1024,171,0.05,23.21,121.61
1024,172,0.14,22.99,121.74
1024,173,0.05,23.15,122.65
1024,174,0.05,23.57,148.22
1024,175,0.09,23.60,122.00
1024,176,0.05,23.29,121.31
1024,177,0.05,22.93,121.25
1024,178,0.05,23.24,121.08
1024,179,0.05,22.96,121.72
1024,180,0.05,23.06,121.42
1024,181,0.05,23.18,121.77
1024,182,0.05,23.42,121.14
1024,183,0.05,23.12,121.73
1024,184,0.05,23.49,121.61
1024,185,0.05,22.94,121.15
1024,186,0.05,23.25,145.40
1024,187,0.05,23.69,124.50
1024,188,0.05,23.35,123.26
1024,189,0.05,23.32,122.21
1024,190,0.05,23.22,121.91
1024,191,0.05,32.03,122.61
1024,192,0.05,23.31,121.49
1024,193,0.05,39.53,122.24
1024,194,0.05,23.03,121.90
1024,195,0.05,23.03,121.96
1024,196,0.05,23.03,121.80
1024,197,0.05,23.11,122.04
1024,198,0.05,22.90,584.31
1024,199,0.22,23.87,542.75
1024,200,0.05,23.65,122.80
1024,201,0.05,22.94,122.04
1024,202,0.05,22.82,121.86
1024,203,0.05,60.47,854.12
1024,204,0.08,23.93,204.43
1024,205,0.05,24.01,214.55
1024,206,0.13,23.95,177.89
1024,207,0.05,32.67,281.03
1024,208,0.09,23.76,189.21
1024,209,0.10,47.41,153.65
1024,210,0.05,23.85,187.24
1024,211,0.09,122.90,222.44
1024,212,0.05,23.72,125.78
1024,213,0.05,23.12,122.70
1024,214,0.05,23.02,121.76
1024,215,0.05,22.98,121.67
1024,216,0.05,22.88,122.14
1024,217,0.05,109.04,241.93
1024,218,0.07,9.19,119.30
1024,219,0.02,1017.89,80.84
1024,220,0.03,8.91,82.97
1024,221,0.02,8.69,39.79
1024,222,0.02,8.66,64.80
1024,223,0.02,9.03,96.38
1024,224,0.02,15.48,60.44
1024,225,0.02,15.01,131.51
1024,226,0.03,9.51,68.33
1024,227,0.02,9.56,57.77
1024,228,0.02,21.29,48.57
1024,229,0.02,9.09,89.00
1024,230,0.02,21.95,192.46
1024,231,0.02,11.18,51.45
1024,232,0.03,9.47,42.81
1024,233,0.02,9.47,43.23
1024,234,0.02,9.54,44.34
1024,235,0.02,10.02,45.87
1024,236,0.02,9.86,45.44
1024,237,0.02,9.99,44.49
1024,238,0.02,9.58,43.37
1024,239,0.02,9.69,43.56
1024,240,0.02,9.74,84.18
1024,241,0.03,9.86,44.55
1024,242,0.02,9.74,111.43
1024,243,0.03,10.45,47.72
1024,244,0.03,10.48,48.09
1024,245,0.02,10.74,47.33
1024,246,0.02,10.09,46.35
1024,247,0.02,12.10,46.57
1024,248,0.02,9.92,45.98
1024,249,0.03,10.19,47.06
1024,250,0.02,10.17,318.66
1024,251,0.08,10.97,49.26
1024,252,0.02,10.61,71.50
1024,253,0.07,17.60,41.12
1024,254,0.02,8.40,38.58
1024,255,0.02,8.31,38.50
1024,256,0.02,8.36,38.26
1024,257,0.02,8.36,112.13
1024,258,0.02,45.34,193.09
1024,259,0.03,9.54,42.95
1024,260,0.02,9.41,42.52
1024,261,0.02,11.11,44.27
1024,262,0.02,9.28,41.47
1024,263,0.02,9.13,41.81
1024,264,0.02,9.77,44.63
1024,265,0.03,9.73,44.40
1024,266,0.12,9.94,44.66
1024,267,0.02,9.90,46.57
1024,268,0.02,9.98,45.54
1024,269,0.02,10.04,46.03
1024,270,0.02,10.18,46.35
1024,271,0.02,11.01,49.51
1024,272,0.02,10.73,55.27
1024,273,0.02,10.78,49.04
1024,274,0.02,11.09,50.21
1024,275,0.02,11.08,50.34
1024,276,0.02,11.17,51.46
1024,277,0.02,11.62,75.67
1024,278,0.03,13.73,53.39
1024,279,0.03,11.61,52.32
1024,280,0.03,12.10,54.40
1024,281,0.03,12.00,55.40
1024,282,0.02,12.04,54.93
1024,283,0.02,11.71,54.76
1024,284,0.03,11.73,54.20
1024,285,0.02,11.77,55.48
1024,286,0.02,12.23,55.84
1024,287,0.02,12.33,57.77
1024,288,0.02,12.20,58.18
1024,289,0.02,12.69,66.00
1024,290,0.03,12.72,57.80
1024,291,0.03,13.12,59.57
1024,292,0.03,14.62,59.43
1024,293,0.03,12.96,62.44
1024,294,0.03,13.40,61.39
1024,295,0.03,13.43,61.29
1024,296,0.04,13.50,63.70
1024,297,0.03,13.78,63.46
1024,298,0.02,13.89,64.62
1024,299,0.03,14.19,67.08
1024,300,0.03,14.35,65.46
1024,301,0.03,14.51,64.73
1024,302,0.03,14.35,76.56
1024,303,0.04,14.36,66.81
1024,304,0.04,17.89,68.25
1024,305,0.04,14.92,67.94
1024,306,0.03,14.69,68.33
1024,307,0.04,14.91,67.65
1024,308,0.04,14.87,68.92
1024,309,0.03,14.80,68.63
1024,310,0.03,15.01,68.70
1024,311,0.03,14.87,67.31
1024,312,0.03,14.86,67.78
1024,313,0.03,14.95,67.61
1024,314,0.03,14.65,68.10
1024,315,0.03,13.98,65.48
1024,316,0.03,14.17,70.00
1024,317,0.03,16.28,77.50
1024,318,0.04,16.19,70.26
1024,319,0.03,14.51,67.14
1024,320,0.04,14.78,66.81
1024,321,0.03,14.79,65.97
1024,322,0.03,14.01,64.01
1024,323,0.03,14.04,84.49
1024,324,0.04,14.91,67.42
1024,325,0.04,14.79,66.96
1024,326,0.04,14.14,64.88
1024,327,0.03,14.93,77.06
1024,328,0.04,16.32,73.01
1024,329,0.03,15.99,73.46
1024,330,0.03,14.94,66.30
1024,331,0.03,13.88,63.57
1024,332,0.03,14.18,64.63
1024,333,0.03,14.27,63.61
1024,334,0.03,13.96,64.54
1024,335,0.03,14.08,64.09
1024,336,0.03,13.99,63.94
1024,337,0.03,13.89,64.33
1024,338,0.03,14.01,63.20
1024,339,0.03,13.62,61.65
1024,340,0.03,13.58,62.20
1024,341,0.03,13.56,62.29
1024,342,0.03,13.55,62.23
1024,343,0.06,13.45,73.96
1024,344,0.04,13.76,61.38
1024,345,0.03,13.57,61.69
1024,346,0.03,13.53,2570.96
1024,347,0.13,9.85,41.58
1024,348,0.02,8.65,55.56
1024,349,0.02,8.73,39.44
1024,350,0.02,8.61,115.29
1024,351,0.11,13.51,55.10
1024,352,0.02,11.85,53.95
1024,353,0.02,11.77,49.58
1024,354,0.02,10.64,50.22
1024,355,0.02,10.52,50.44
1024,356,0.02,11.11,50.22
1024,357,0.02,11.04,50.58
1024,358,0.02,11.04,50.37
1024,359,0.02,10.98,51.02
1024,360,0.02,11.09,52.04
1024,361,0.02,10.99,52.98
1024,362,0.02,11.16,54.54
1024,363,0.02,11.10,50.58
1024,364,0.02,11.16,52.09
1024,365,0.02,11.37,51.88
1024,366,0.02,11.23,54.65
1024,367,0.02,11.24,105.20
1024,368,0.08,21.96,81.45
1024,369,0.06,9.11,41.30
1024,370,0.02,8.84,40.64
1024,371,0.02,8.76,40.46
1024,372,0.02,8.87,40.34
1024,373,0.02,8.74,68.49
1024,374,0.02,9.24,84.36
1024,375,0.06,8.93,41.66
1024,376,0.02,8.70,40.13
1024,377,0.02,8.59,39.81
1024,378,0.02,8.66,40.06
1024,379,0.01,8.39,39.18
1024,380,0.01,8.34,38.39
1024,381,0.02,8.25,38.59
1024,382,0.02,8.27,38.91
1024,383,0.02,8.25,38.70
1024,384,0.02,8.27,68.11
1024,385,0.02,9.18,41.11
1024,386,0.02,18.09,64.58
1024,387,0.02,9.07,41.58
1024,388,0.03,9.45,42.93
1024,389,0.02,9.39,42.86
1024,390,0.02,9.41,42.92
1024,391,0.02,9.44,69.01
1024,392,0.03,130.44,74.99
1024,393,0.03,8.80,96.61
1024,394,0.11,24.01,126.52
1024,395,0.05,23.29,122.75
1024,396,0.05,23.05,807.38
1024,397,0.11,23.57,209.20
1024,398,0.10,23.98,225.70
1024,399,0.07,23.96,125.39
1024,400,0.05,23.23,122.81
1024,401,0.05,23.27,122.85
1024,402,0.05,23.42,121.97
1024,403,0.05,23.22,121.82
1024,404,0.05,23.22,1853.28
1024,405,0.22,10.88,45.96
1024,406,0.02,9.77,44.61
1024,407,0.02,9.70,44.31
1024,408,0.02,9.70,51.67
1024,409,0.03,9.86,44.42
1024,410,0.02,9.74,43.35
1024,411,0.02,9.41,42.28
1024,412,0.02,8.53,39.33
1024,413,0.02,8.57,39.82
1024,414,0.02,8.50,47.18
1024,415,0.02,8.59,39.14
1024,416,0.02,8.60,39.25
1024,417,0.02,8.55,39.19
1024,418,0.02,8.54,39.54
1024,419,0.02,8.55,39.54
1024,420,0.02,8.56,39.19
1024,421,0.02,8.54,40.54
1024,422,0.02,8.62,47.55
1024,423,0.02,8.73,39.34
1024,424,0.02,8.67,39.86
1024,425,0.02,8.73,39.25
1024,426,0.02,8.79,38.79
1024,427,0.02,8.72,39.19
1024,428,0.02,8.56,39.20
1024,429,0.02,8.61,41.41
1024,430,0.02,9.41,42.80
1024,431,0.02,9.54,42.79
1024,432,0.02,9.58,43.50
1024,433,0.02,9.65,43.20
1024,434,0.02,9.56,42.52
1024,435,0.02,9.52,42.42
1024,436,0.02,9.54,43.05
1024,437,0.02,9.71,46.17
1024,438,0.02,10.18,45.96
1024,439,0.02,10.22,46.86
1024,440,0.02,10.12,46.24
1024,441,0.02,10.40,47.35
1024,442,0.02,10.41,47.73
1024,443,0.02,11.71,47.84
1024,444,0.02,11.05,50.95
1024,445,0.02,10.89,49.82
1024,446,0.02,10.87,53.16
1024,447,0.02,10.55,48.18
1024,448,0.02,10.58,50.17
1024,449,0.02,10.44,49.69
1024,450,0.02,10.44,48.65
1024,451,0.02,10.47,48.92
1024,452,0.02,10.54,50.16
1024,453,0.03,10.43,51.14
1024,454,0.02,10.68,49.55
1024,455,0.02,10.71,58.70
1024,456,0.03,10.85,49.10
1024,457,0.03,10.83,49.03
1024,458,0.03,10.87,49.71
1024,459,0.03,10.78,49.94
1024,460,0.03,10.42,48.44
1024,461,0.03,10.46,47.67
1024,462,0.02,10.43,48.65
1024,463,0.03,10.48,51.82
1024,464,0.02,10.56,48.84
1024,465,0.02,10.50,48.45
1024,466,0.02,10.47,50.07
1024,467,0.02,10.48,48.76
1024,468,0.02,10.51,48.42
1024,469,0.03,10.55,49.67
1024,470,0.03,10.53,49.51
1024,471,0.02,10.48,49.01
1024,472,0.02,10.62,48.89
1024,473,0.02,10.55,48.38
1024,474,0.03,10.68,48.67
1024,475,0.02,10.69,48.71
1024,476,0.03,10.59,48.95
1024,477,0.03,10.64,48.42
1024,478,0.02,10.90,51.99
1024,479,0.02,10.64,47.87
1024,480,0.03,10.64,48.54
1024,481,0.03,10.54,48.53
1024,482,0.02,10.20,47.45
1024,483,0.03,10.18,48.52
1024,484,0.03,10.28,51.17
1024,485,0.02,10.36,55.38
1024,486,0.03,10.32,46.87
1024,487,0.02,10.32,47.07
1024,488,0.03,10.28,47.06
1024,489,0.03,10.21,47.16
1024,490,0.02,10.23,47.95
1024,491,0.03,11.97,46.51
1024,492,0.02,10.26,46.85
1024,493,0.02,10.35,1504.92
1024,494,0.02,9.18,40.31
1024,495,0.02,8.67,39.79
1024,496,0.02,8.42,38.47
1024,497,0.02,8.44,38.34
1024,498,0.02,8.41,40.17
1024,499,0.02,9.58,44.05
1024,500,0.02,9.56,43.25
1024,501,0.02,9.66,43.18
1024,502,0.02,9.59,43.34
1024,503,0.02,9.81,43.21
1024,504,0.02,9.51,43.17
1024,505,0.02,9.57,54.75
1024,506,0.03,10.31,46.55
1024,507,0.03,10.16,94.53
1024,508,0.10,12.29,60.43
1024,509,0.03,11.06,74.47
1024,510,0.06,10.60,42.00
1024,511,0.02,8.65,39.73
1024,512,0.02,8.56,40.01
1024,513,0.02,8.62,39.35
1024,514,0.02,8.60,40.57
1024,515,0.02,8.65,39.20
1024,516,0.02,8.60,93.45
1024,517,0.02,9.39,42.09
1024,518,0.02,9.30,51.66
1024,519,0.03,9.35,42.35
1024,520,0.02,9.23,70.89
1024,521,0.02,9.37,46.99
1024,522,0.02,9.38,42.28
1024,523,0.02,9.27,43.01
1024,524,0.02,9.44,43.51
1024,525,0.02,9.43,44.32
1024,526,0.02,9.44,43.81
1024,527,0.02,12.61,57.58
1024,528,0.02,11.05,59.74
1024,529,0.03,11.05,50.76
1024,530,0.03,11.04,48.68
1024,531,0.02,10.64,49.19
1024,532,0.02,10.59,48.63
1024,533,0.03,10.70,65.78
1024,534,0.03,10.72,48.89
1024,535,0.02,10.59,48.51
1024,536,0.02,10.56,73.39
1024,537,0.04,11.00,628.56
1024,538,0.04,8.97,40.77
1024,539,0.02,8.73,40.16
1024,540,0.02,8.75,40.20
1024,541,0.02,9.18,42.00
1024,542,0.02,9.19,41.86
1024,543,0.02,9.14,41.84
1024,544,0.02,9.18,56.26
1024,545,0.02,9.95,45.09
1024,546,0.02,9.81,45.84
1024,547,0.02,9.85,45.42
1024,548,0.02,9.87,45.68
1024,549,0.02,10.09,45.31
1024,550,0.02,9.88,45.97
1024,551,0.02,10.21,45.31
1024,552,0.02,10.63,48.70
1024,553,0.02,10.63,49.19
1024,554,0.02,10.63,50.07
1024,555,0.02,10.72,50.68
1024,556,0.02,11.01,52.20
1024,557,0.02,10.98,50.54
1024,558,0.02,11.02,52.55
1024,559,0.03,11.45,959.30
1024,560,0.04,12.49,67.06
1024,561,0.03,12.19,52.93
1024,562,0.02,10.75,48.85
1024,563,0.02,10.76,53.91
1024,564,0.02,10.84,48.96
1024,565,0.02,10.76,48.65
1024,566,0.02,10.48,47.86
1024,567,0.02,10.46,47.69
1024,568,0.02,10.47,57.29
1024,569,0.02,10.66,47.89
1024,570,0.02,10.51,60.50
1024,571,0.03,10.67,47.92
1024,572,0.03,10.51,76.19
1024,573,0.03,10.62,48.85
1024,574,0.03,12.76,316.64
1024,575,0.05,10.90,64.05
1024,576,0.03,10.61,157.42
1024,577,0.07,101.31,67.11
1024,578,0.03,10.61,48.28
1024,579,0.03,10.54,47.56
1024,580,0.02,10.49,59.04
1024,581,0.03,10.58,48.27
1024,582,0.03,10.54,47.76
1024,583,0.03,10.52,48.29
1024,584,0.02,10.53,47.89
1024,585,0.02,10.51,48.69
1024,586,0.02,10.55,48.19
1024,587,0.02,10.55,48.17
1024,588,0.02,10.69,47.73
1024,589,0.02,10.29,47.23
1024,590,0.02,11.68,46.86
1024,591,0.02,10.20,48.04
1024,592,0.02,10.28,46.83
1024,593,0.02,10.23,47.57
1024,594,0.02,10.20,47.33
1024,595,0.02,10.24,47.04
1024,596,0.02,10.18,48.77
1024,597,0.02,10.19,47.76
1024,598,0.02,10.21,48.14
1024,599,0.02,10.43,47.01
1024,600,0.02,10.31,47.84
1024,601,0.03,10.25,47.26
1024,602,0.02,10.30,48.87
1024,603,0.02,10.36,47.93
1024,604,0.02,10.27,46.90
1024,605,0.02,10.27,46.78
1024,606,0.02,10.24,47.88
1024,607,0.02,10.29,46.91
1024,608,0.02,10.25,47.07
1024,609,0.02,10.23,47.81
1024,610,0.02,10.69,49.30
1024,611,0.02,10.53,57.34
1024,612,0.03,11.22,48.18
1024,613,0.02,11.20,52.02
1024,614,0.03,11.59,51.95
1024,615,0.03,11.52,52.98
1024,616,0.02,10.86,48.77
1024,617,0.02,10.66,49.22
1024,618,0.02,10.65,49.85
1024,619,0.03,10.65,53.83
1024,620,0.03,11.81,60.39
1024,621,0.03,11.83,53.41
1024,622,0.02,11.93,55.80
1024,623,0.02,11.93,55.22
1024,624,0.03,12.04,55.51
1024,625,0.03,15.06,71.02
1024,626,0.02,12.54,58.19
1024,627,0.02,12.34,58.24
1024,628,0.03,12.81,59.68
1024,629,0.03,13.28,59.92
1024,630,0.11,12.25,54.65
1024,631,0.02,12.13,57.01
1024,632,0.02,11.99,56.39
1024,633,0.03,13.13,59.41
1024,634,0.03,13.06,58.62
1024,635,0.02,13.01,59.55
1024,636,0.02,12.83,58.35
1024,637,0.03,12.81,70.18
1024,638,0.03,13.08,57.02
1024,639,0.03,12.60,57.05
1024,640,0.03,12.47,57.21
1024,641,0.03,12.53,57.50
1024,642,0.03,12.83,60.63
1024,643,0.02,12.83,57.20
1024,644,0.02,12.48,58.77
1024,645,0.03,12.95,57.39
1024,646,0.02,19.52,58.08
1024,647,0.03,12.55,57.43
1024,648,0.03,12.67,57.44
1024,649,0.03,13.67,56.79
1024,650,0.03,12.57,56.60
1024,651,0.03,12.48,57.10
1024,652,0.03,12.65,57.34
1024,653,0.02,12.57,57.24
1024,654,0.02,12.45,57.72
1024,655,0.03,12.65,57.14
1024,656,0.05,12.77,59.31
1024,657,0.02,12.49,57.77
1024,658,0.02,12.51,57.30
1024,659,0.02,12.50,57.38
1024,660,0.02,12.54,57.15
1024,661,0.02,12.83,57.75
1024,662,0.02,12.54,58.85
1024,663,0.02,12.42,69.76
1024,664,0.03,12.64,56.66
1024,665,0.02,12.45,56.85
1024,666,0.02,12.49,57.87
1024,667,0.03,12.38,58.77
1024,668,0.03,12.43,56.90
1024,669,0.03,12.53,57.02
1024,670,0.02,12.90,54.94
1024,671,0.03,11.98,55.64
1024,672,0.03,11.92,55.48
1024,673,0.02,12.19,56.48
1024,674,0.03,12.35,57.12
1024,675,0.02,12.27,60.10
1024,676,0.02,12.98,55.56
1024,677,0.03,12.04,53.94
1024,678,0.03,11.61,53.21
1024,679,0.02,12.08,55.16
1024,680,0.02,12.04,63.41
1024,681,0.02,12.43,53.88
1024,682,0.02,11.62,52.34
1024,683,0.02,11.61,52.68
1024,684,0.02,11.63,53.87
1024,685,0.02,11.78,53.69
1024,686,0.03,11.85,54.02
1024,687,0.03,11.82,53.86
1024,688,0.02,11.79,53.53
1024,689,0.02,11.63,53.46
1024,690,0.02,20.99,54.29
1024,691,0.03,12.48,53.11
1024,692,0.03,12.41,59.41
1024,693,0.02,12.86,58.22
1024,694,0.03,12.55,57.79
1024,695,0.02,12.57,57.46
1024,696,0.03,12.68,57.33
1024,697,0.03,12.51,57.79
1024,698,0.03,11.34,52.46
1024,699,0.02,11.31,53.27
1024,700,0.02,11.28,52.84
1024,701,0.02,11.31,52.02
1024,702,0.02,11.45,51.88
1024,703,0.02,11.32,51.75
1024,704,0.02,11.33,51.87
1024,705,0.02,11.49,52.88
1024,706,0.02,13.66,53.30
1024,707,0.02,12.50,57.60
1024,708,0.02,12.51,57.79
1024,709,0.02,12.54,58.90
1024,710,0.02,12.49,57.98
1024,711,0.03,12.56,56.37
1024,712,0.02,12.15,1079.07
1024,713,0.24,10.41,40.61
1024,714,0.02,8.64,39.69
1024,715,0.02,8.62,39.37
1024,716,0.02,8.58,39.30
1024,717,0.02,8.59,39.46
1024,718,0.02,9.10,41.48
1024,719,0.02,9.10,41.73
1024,720,0.02,9.06,41.68
1024,721,0.02,9.08,41.35
1024,722,0.02,15.01,44.67
1024,723,0.02,9.82,44.48
1024,724,0.02,9.92,45.07
1024,725,0.02,9.83,45.03
1024,726,0.02,11.21,208.51
1024,727,0.08,9.68,44.43
1024,728,0.02,9.39,42.72
1024,729,0.02,9.28,42.21
1024,730,0.02,9.34,43.39
1024,731,0.02,9.32,43.25
1024,732,0.02,9.37,42.99
1024,733,0.02,9.28,43.44
1024,734,0.02,9.78,45.10
1024,735,0.02,9.79,44.73
1024,736,0.02,9.78,45.63
1024,737,0.02,9.73,50.52
1024,738,0.02,10.61,49.20
1024,739,0.02,10.71,49.02
1024,740,0.02,10.68,50.61
1024,741,0.02,13.00,58.25
1024,742,0.03,10.38,46.73
1024,743,0.03,10.27,46.51
1024,744,0.04,10.61,48.49
1024,745,0.02,10.59,48.66
1024,746,0.03,10.80,49.84
1024,747,0.02,10.53,54.42
1024,748,0.02,11.60,52.76
1024,749,0.02,11.62,52.68
1024,750,0.02,11.68,56.29
1024,751,0.02,12.46,59.08
1024,752,0.02,12.45,60.35
1024,753,0.02,12.47,57.19
1024,754,0.02,12.86,56.41
1024,755,0.02,12.63,59.69
1024,756,0.02,14.01,58.79
1024,757,0.02,12.42,56.73
1024,758,0.02,12.47,57.93
1024,759,0.02,13.15,60.07
1024,760,0.02,12.96,61.04
1024,761,0.02,13.02,62.81
1024,762,0.02,13.47,63.07
1024,763,0.03,13.71,62.36
1024,764,0.14,13.05,60.63
1024,765,0.03,13.40,61.94
1024,766,0.03,13.12,64.08
1024,767,0.03,14.16,76.31
1024,768,0.04,14.29,65.13
1024,769,0.04,16.63,323.86
1024,770,0.08,22.48,55.79
1024,771,0.02,23.22,47.12
1024,772,0.03,10.11,44.26
1024,773,0.02,9.76,44.01
1024,774,0.02,9.76,44.20
1024,775,0.02,9.72,44.08
1024,776,0.02,9.81,44.17
1024,777,0.02,9.73,96.75
1024,778,0.02,8.41,215.07
1024,779,0.07,8.95,51.24
1024,780,0.02,8.63,39.91
1024,781,0.02,8.57,39.18
1024,782,0.02,8.57,54.51
1024,783,0.02,8.63,89.79
1024,784,0.08,9.79,44.12
1024,785,0.02,9.65,73.54
1024,786,0.05,9.02,41.04
1024,787,0.02,8.88,58.41
1024,788,0.02,8.86,57.71
1024,789,0.02,8.61,45.09
1024,790,0.02,8.41,50.29
1024,791,0.02,8.72,46.36
1024,792,0.02,18.25,47.14
1024,793,0.02,8.74,47.97
1024,794,0.02,9.17,48.82
1024,795,0.02,9.18,49.00
1024,796,0.03,9.17,56.54
1024,797,0.02,9.27,49.99
1024,798,0.03,19.33,42.32
1024,799,0.02,10.86,50.15
1024,800,0.02,16.42,45.23
1024,801,0.03,18.24,53.21
1024,802,0.03,9.92,53.56
1024,803,0.02,9.91,53.28
1024,804,0.03,17.90,45.27
1024,805,0.03,9.98,61.43
1024,806,0.02,9.92,57.85
1024,807,0.02,9.73,51.64
1024,808,0.03,9.72,51.52
1024,809,0.02,17.56,45.09
1024,810,0.03,9.92,53.08
1024,811,0.02,9.99,66.31
1024,812,0.03,9.99,45.04
1024,813,0.02,17.83,54.46
1024,814,0.02,10.27,62.58
1024,815,0.03,10.11,45.69
1024,816,0.02,18.80,54.64
1024,817,0.03,10.20,54.54
1024,818,0.03,10.20,56.10
1024,819,0.03,10.32,54.95
1024,820,0.03,10.33,54.96
1024,821,0.03,10.37,55.67
1024,822,0.03,10.45,47.27
1024,823,0.02,53.82,55.68
1024,824,0.03,10.18,205.37
1024,825,0.03,10.27,46.19
1024,826,0.03,18.33,58.31
1024,827,0.03,19.00,53.46
1024,828,0.03,9.86,52.70
1024,829,0.03,9.86,69.00
1024,830,0.08,10.27,47.60
1024,831,0.02,9.22,41.22
1024,832,0.02,8.64,39.76
1024,833,0.02,8.62,39.58
1024,834,0.02,8.63,39.46
1024,835,0.02,8.60,41.93
1024,836,0.02,12.05,46.40
1024,837,0.02,9.94,46.13
1024,838,0.02,9.91,45.76
1024,839,0.02,9.89,47.84
1024,840,0.02,10.59,69.40
1024,841,0.03,10.76,48.55
1024,842,0.02,10.57,48.09
1024,843,0.02,10.51,48.35
1024,844,0.02,10.56,48.27
1024,845,0.02,10.55,52.79
1024,846,0.02,11.89,54.01
1024,847,0.02,11.93,55.59
1024,848,0.02,12.15,53.76
1024,849,0.02,11.71,54.09
1024,850,0.02,11.74,56.04
1024,851,0.02,11.92,55.44
1024,852,0.02,12.01,55.28
1024,853,0.03,11.90,54.95
1024,854,0.03,11.98,60.03
1024,855,0.02,13.19,60.93
1024,856,0.02,13.13,62.87
1024,857,0.02,13.02,59.74
1024,858,0.02,13.07,59.53
1024,859,0.03,13.05,58.78
1024,860,0.02,12.75,58.65
1024,861,0.02,12.67,58.13
1024,862,0.02,13.19,66.71
1024,863,0.03,14.19,64.98
1024,864,0.03,14.23,64.51
1024,865,0.03,14.98,80.67
1024,866,0.04,13.68,73.69
1024,867,0.04,14.04,63.88
1024,868,0.03,14.10,64.01
1024,869,0.03,14.17,64.73
1024,870,0.03,14.19,64.93
1024,871,0.03,14.40,65.04
1024,872,0.03,14.68,66.12
1024,873,0.03,14.45,66.75
1024,874,0.03,13.96,63.06
1024,875,0.03,13.55,62.66
1024,876,0.03,13.74,62.25
1024,877,0.03,15.46,63.75
1024,878,0.03,13.68,64.15
1024,879,0.02,13.50,61.17
1024,880,0.14,13.42,1716.20
1024,881,0.13,11.09,89.15
1024,882,0.09,33.88,42.01
1024,883,0.02,27.53,51.94
1024,884,0.02,9.02,72.54
1024,885,0.02,9.13,518.51
1024,886,0.07,12.54,54.01
1024,887,0.02,11.29,51.85
1024,888,0.02,10.31,45.03
1024,889,0.02,9.93,45.40
1024,890,0.02,9.86,44.69
1024,891,0.02,9.77,44.90
1024,892,0.02,9.86,76.41
1024,893,0.07,19.17,52.34
1024,894,0.03,16.39,50.99
1024,895,0.02,15.61,78.02
1024,896,0.04,12.46,925.95
1024,897,0.06,10.82,45.14
1024,898,0.02,18.05,143.75
1024,899,11.87,20.79,169.91
1024,900,0.03,11.47,64.12
1024,901,0.03,11.59,52.55
1024,902,0.02,76.94,52.53
1024,903,0.03,11.39,84.90
1024,904,0.03,11.50,61.64
1024,905,0.03,13.61,66.40
1024,906,0.03,11.42,64.66
1024,907,0.03,11.45,67.84
1024,908,0.06,9.69,44.08
1024,909,0.02,9.46,52.52
1024,910,0.05,11.74,52.32
1024,911,0.02,11.15,66.74
1024,912,0.03,40.14,62.44
1024,913,0.05,9.57,55.69
1024,914,0.03,10.19,54.97
1024,915,0.03,10.32,46.46
1024,916,0.02,10.14,55.32
1024,917,0.02,17.76,55.07
1024,918,0.03,17.71,305.03
1024,919,0.04,84.14,46.09
1024,920,0.03,23.25,109.55
1024,921,0.09,35.26,80.19
1024,922,0.07,53.68,50.21
1024,923,0.03,10.24,113.33
1024,924,0.05,10.10,40.33
1024,925,0.02,8.62,39.27
1024,926,0.02,8.60,704.83
1024,927,0.06,120.10,43.32
1024,928,0.02,19.90,51.60
1024,929,0.02,8.68,63.12
1024,930,0.02,12.21,1464.33
1024,931,0.14,11.64,62.17
1024,932,0.03,20.36,51.15
1024,933,0.03,10.19,46.03
1024,934,0.02,18.17,47.12
1024,935,0.02,10.05,45.91
1024,936,0.02,10.01,1831.68
1024,937,0.13,8.96,46.91
1024,938,0.02,8.51,39.52
1024,939,0.02,8.46,40.58
1024,940,0.02,9.08,51.16
1024,941,0.02,36.42,41.29
1024,942,0.02,17.12,70.07
1024,943,0.02,20.13,41.14
1024,944,0.02,8.99,40.42
1024,945,0.02,8.90,42.57
1024,946,0.02,9.43,43.93
1024,947,0.02,9.44,43.97
1024,948,0.02,9.43,43.84
1024,949,0.02,9.49,45.67
1024,950,0.03,10.08,45.79
1024,951,0.02,10.08,45.35
1024,952,0.02,10.14,50.15
1024,953,0.02,11.05,49.90
1024,954,0.02,11.06,49.85
1024,955,0.02,11.01,50.04
1024,956,0.02,10.97,50.41
1024,957,0.02,11.00,49.45
1024,958,0.02,10.88,51.47
1024,959,0.02,11.64,56.17
1024,960,0.02,11.60,54.48
1024,961,0.02,150.98,57.09
1024,962,0.03,12.29,53.86
1024,963,0.03,11.50,52.58
1024,964,0.03,11.46,52.43
1024,965,0.03,11.50,53.46
1024,966,0.02,11.91,53.93
1024,967,0.02,12.04,55.71
1024,968,0.02,11.86,54.46
1024,969,0.02,12.13,56.69
1024,970,0.02,21.50,55.69
1024,971,0.03,12.23,53.02
1024,972,0.03,11.68,54.49
1024,973,0.02,12.18,93.78
1024,974,0.03,12.16,67.13
1024,975,0.03,13.22,176.74
1024,976,0.03,12.49,171.31
1024,977,0.03,12.31,138.63
1024,978,0.03,12.12,52.84
1024,979,0.03,11.82,200.65
1024,980,0.03,11.46,78.95
1024,981,0.03,20.95,111.66
1024,982,0.03,42.63,112.86
1024,983,0.03,11.41,113.49
1024,984,0.03,73.49,95.30
1024,985,0.03,44.42,82.88
1024,986,0.03,42.72,167.64
1024,987,0.03,11.05,115.83
1024,988,0.03,13.16,111.04
1024,989,0.03,10.87,49.57
1024,990,0.02,10.82,49.79
1024,991,0.02,10.82,59.29
1024,992,0.03,11.00,49.03
1024,993,0.02,20.44,111.21
1024,994,0.03,10.94,144.05
1024,995,0.03,10.96,161.56
1024,996,0.15,10.93,59.12
1024,997,0.03,10.84,49.41
1024,998,0.02,12.38,60.21
1024,999,0.03,51.42,83.55
0,0,0.00,0.00,116.66
0,1,0.00,0.00,99.81
0,2,0.00,0.00,195.57
0,3,0.00,0.00,70.95
0,4,0.00,0.00,1528.49
0,5,0.00,0.00,55.40
0,6,0.00,0.00,41.67
0,7,0.00,0.00,40.74
0,8,0.00,0.00,67.27
0,9,0.00,0.00,40.39
0,10,0.00,0.00,39.43
0,11,0.00,0.00,85.85
0,12,0.00,0.00,53.33
0,13,0.00,0.00,225.34
0,14,0.00,0.00,72.83
0,15,0.00,0.00,205.31
0,16,0.00,0.00,57.47
0,17,0.00,0.00,51.40
0,18,0.00,0.00,39.46
0,19,0.00,0.00,56.08
0,20,0.00,0.00,49.07
0,21,0.00,0.00,106.39
0,22,0.00,0.00,52.59
0,23,0.00,0.00,43.02
0,24,0.00,0.00,42.99
0,25,0.00,0.00,88.53
0,26,0.00,0.00,44.04
0,27,0.00,0.00,80.95
0,28,0.00,0.00,92.68
0,29,0.00,0.00,57.03
0,30,0.00,0.00,53.22
0,31,0.00,0.00,44.79
0,32,0.00,0.00,59.79
0,33,0.00,0.00,44.15
0,34,0.00,0.00,51.78
0,35,0.00,0.00,52.66
0,36,0.00,0.00,86.86
0,37,0.00,0.00,128.45
0,38,0.00,0.00,43.31
0,39,0.00,0.00,42.64
0,40,0.00,0.00,42.38
0,41,0.00,0.00,42.40
0,42,0.00,0.00,42.96
0,43,0.00,0.00,2012.06
0,44,0.00,0.00,52.96
0,45,0.00,0.00,50.40
0,46,0.00,0.00,50.01
0,47,0.00,0.00,49.89
0,48,0.00,0.00,65.40
0,49,0.00,0.00,49.99
0,50,0.00,0.00,54.39
0,51,0.00,0.00,45.65
0,52,0.00,0.00,45.08
0,53,0.00,0.00,57.90
0,54,0.00,0.00,109.75
0,55,0.00,0.00,51.73
0,56,0.00,0.00,50.82
0,57,0.00,0.00,50.85
0,58,0.00,0.00,213.04
0,59,0.00,0.00,44.80
0,60,0.00,0.00,44.23
0,61,0.00,0.00,55.81
0,62,0.00,0.00,54.35
0,63,0.00,0.00,41.14
0,64,0.00,0.00,62.99
0,65,0.00,0.00,80.39
0,66,0.00,0.00,54.56
0,67,0.00,0.00,57.08
0,68,0.00,0.00,58.22
0,69,0.00,0.00,58.93
0,70,0.00,0.00,58.59
0,71,0.00,0.00,58.90
0,72,0.00,0.00,58.89
0,73,0.00,0.00,59.24
0,74,0.00,0.00,58.83
0,75,0.00,0.00,56.95
0,76,0.00,0.00,56.76
0,77,0.00,0.00,58.26
0,78,0.00,0.00,58.97
0,79,0.00,0.00,59.21
0,80,0.00,0.00,63.56
0,81,0.00,0.00,58.17
0,82,0.00,0.00,62.72
0,83,0.00,0.00,59.89
0,84,0.00,0.00,62.58
0,85,0.00,0.00,66.52
0,86,0.00,0.00,64.44
0,87,0.00,0.00,67.38
0,88,0.00,0.00,67.11
0,89,0.00,0.00,67.91
0,90,0.00,0.00,63.00
0,91,0.00,0.00,79.74
0,92,0.00,0.00,63.64
0,93,0.00,0.00,64.44
0,94,0.00,0.00,64.25
0,95,0.00,0.00,64.01
0,96,0.00,0.00,64.39
0,97,0.00,0.00,65.26
0,98,0.00,0.00,64.85
0,99,0.00,0.00,70.85
0,100,0.00,0.00,74.28
0,101,0.00,0.00,69.03
0,102,0.00,0.00,65.28
0,103,0.00,0.00,65.39
0,104,0.00,0.00,64.53
0,105,0.00,0.00,65.94
0,106,0.00,0.00,66.49
0,107,0.00,0.00,77.34
0,108,0.00,0.00,67.74
0,109,0.00,0.00,67.83
0,110,0.00,0.00,74.69
0,111,0.00,0.00,66.95
0,112,0.00,0.00,66.67
0,113,0.00,0.00,66.43
0,114,0.00,0.00,81.71
0,115,0.00,0.00,66.13
0,116,0.00,0.00,66.53
0,117,0.00,0.00,65.33
0,118,0.00,0.00,79.08
0,119,0.00,0.00,66.12
0,120,0.00,0.00,66.62
0,121,0.00,0.00,65.57
0,122,0.00,0.00,64.83
0,123,0.00,0.00,63.92
0,124,0.00,0.00,65.89
0,125,0.00,0.00,66.95
0,126,0.00,0.00,66.84
0,127,0.00,0.00,66.13
0,128,0.00,0.00,63.27
0,129,0.00,0.00,63.07
0,130,0.00,0.00,64.93
0,131,0.00,0.00,62.94
0,132,0.00,0.00,63.82
0,133,0.00,0.00,66.32
0,134,0.00,0.00,65.76
0,135,0.00,0.00,64.00
0,136,0.00,0.00,62.70
0,137,0.00,0.00,61.90
0,138,0.00,0.00,61.82
0,139,0.00,0.00,61.67
0,140,0.00,0.00,62.65
0,141,0.00,0.00,61.29
0,142,0.00,0.00,61.51
0,143,0.00,0.00,61.17
0,144,0.00,0.00,61.68
0,145,0.00,0.00,73.66
0,146,0.00,0.00,61.81
0,147,0.00,0.00,59.10
0,148,0.00,0.00,63.12
0,149,0.00,0.00,63.45
0,150,0.00,0.00,63.72
0,151,0.00,0.00,61.49
0,152,0.00,0.00,60.78
0,153,0.00,0.00,60.13
0,154,0.00,0.00,60.17
0,155,0.00,0.00,60.46
0,156,0.00,0.00,62.18
0,157,0.00,0.00,63.88
0,158,0.00,0.00,60.01
0,159,0.00,0.00,60.44
0,160,0.00,0.00,59.88
0,161,0.00,0.00,60.18
0,162,0.00,0.00,59.88
0,163,0.00,0.00,60.09
0,164,0.00,0.00,59.03
0,165,0.00,0.00,58.84
0,166,0.00,0.00,59.28
0,167,0.00,0.00,63.22
0,168,0.00,0.00,62.04
0,169,0.00,0.00,63.29
0,170,0.00,0.00,61.84
0,171,0.00,0.00,84.69
0,172,0.00,0.00,61.71
0,173,0.00,0.00,60.11
0,174,0.00,0.00,59.88
0,175,0.00,0.00,69.04
0,176,0.00,0.00,72.40
0,177,0.00,0.00,59.02
0,178,0.00,0.00,58.71
0,179,0.00,0.00,58.10
0,180,0.00,0.00,58.47
0,181,0.00,0.00,58.57
0,182,0.00,0.00,58.63
0,183,0.00,0.00,59.76
0,184,0.00,0.00,58.00
0,185,0.00,0.00,57.79
0,186,0.00,0.00,57.62
0,187,0.00,0.00,59.75
0,188,0.00,0.00,57.95
0,189,0.00,0.00,60.38
0,190,0.00,0.00,60.53
0,191,0.00,0.00,60.50
0,192,0.00,0.00,60.57
0,193,0.00,0.00,60.13
0,194,0.00,0.00,136.67
0,195,0.00,0.00,128.23
0,196,0.00,0.00,68.53
0,197,0.00,0.00,357.00
0,198,0.00,0.00,111.64
0,199,0.00,0.00,48.27
0,200,0.00,0.00,41.72
0,201,0.00,0.00,41.25
0,202,0.00,0.00,41.29
0,203,0.00,0.00,41.06
0,204,0.00,0.00,42.54
0,205,0.00,0.00,44.91
0,206,0.00,0.00,53.68
0,207,0.00,0.00,44.68
0,208,0.00,0.00,44.30
0,209,0.00,0.00,44.83
0,210,0.00,0.00,45.16
0,211,0.00,0.00,45.43
0,212,0.00,0.00,45.37
0,213,0.00,0.00,45.34
0,214,0.00,0.00,48.76
0,215,0.00,0.00,50.29
0,216,0.00,0.00,48.56
0,217,0.00,0.00,48.85
0,218,0.00,0.00,49.19
0,219,0.00,0.00,48.67
0,220,0.00,0.00,48.77
0,221,0.00,0.00,48.89
0,222,0.00,0.00,52.30
0,223,0.00,0.00,52.67
0,224,0.00,0.00,52.71
0,225,0.00,0.00,53.45
0,226,0.00,0.00,55.67
0,227,0.00,0.00,54.98
0,228,0.00,0.00,54.49
0,229,0.00,0.00,55.00
0,230,0.00,0.00,65.74
0,231,0.00,0.00,65.12
0,232,0.00,0.00,57.13
0,233,0.00,0.00,58.14
0,234,0.00,0.00,58.06
0,235,0.00,0.00,65.63
0,236,0.00,0.00,69.47
0,237,0.00,0.00,55.85
0,238,0.00,0.00,68.78
0,239,0.00,0.00,61.10
0,240,0.00,0.00,112.69
0,241,0.00,0.00,66.85
0,242,0.00,0.00,74.21
0,243,0.00,0.00,54.66
0,244,0.00,0.00,2144.29
0,245,0.00,0.00,43.60
0,246,0.00,0.00,175.70
0,247,0.00,0.00,98.89
0,248,0.00,0.00,42.14
0,249,0.00,0.00,126.01
0,250,0.00,0.00,100.00
0,251,0.00,0.00,53.03
0,252,0.00,0.00,230.39
0,253,0.00,0.00,142.32
0,254,0.00,0.00,138.11
0,255,0.00,0.00,136.45
0,256,0.00,0.00,233.47
0,257,0.00,0.00,203.91
0,258,0.00,0.00,55.30
0,259,0.00,0.00,54.08
0,260,0.00,0.00,52.96
0,261,0.00,0.00,48.32
0,262,0.00,0.00,48.11
0,263,0.00,0.00,123.30
0,264,0.00,0.00,56.65
0,265,0.00,0.00,751.39
0,266,0.00,0.00,78.47
0,267,0.00,0.00,82.75
0,268,0.00,0.00,46.97
0,269,0.00,0.00,46.04
0,270,0.00,0.00,45.85
0,271,0.00,0.00,45.79
0,272,0.00,0.00,45.95
0,273,0.00,0.00,46.32
0,274,0.00,0.00,47.03
0,275,0.00,0.00,45.76
0,276,0.00,0.00,45.80
0,277,0.00,0.00,44.74
0,278,0.00,0.00,45.16
0,279,0.00,0.00,45.38
0,280,0.00,0.00,44.93
0,281,0.00,0.00,45.32
0,282,0.00,0.00,45.51
0,283,0.00,0.00,44.64
0,284,0.00,0.00,45.16
0,285,0.00,0.00,44.90
0,286,0.00,0.00,44.85
0,287,0.00,0.00,44.93
0,288,0.00,0.00,45.15
0,289,0.00,0.00,45.78
0,290,0.00,0.00,45.06
0,291,0.00,0.00,45.22
0,292,0.00,0.00,57.21
0,293,0.00,0.00,45.22
0,294,0.00,0.00,45.43
0,295,0.00,0.00,46.42
0,296,0.00,0.00,45.60
0,297,0.00,0.00,46.26
0,298,0.00,0.00,45.97
0,299,0.00,0.00,45.88
0,300,0.00,0.00,47.19
0,301,0.00,0.00,48.13
0,302,0.00,0.00,46.37
0,303,0.00,0.00,46.07
0,304,0.00,0.00,46.38
0,305,0.00,0.00,47.39
0,306,0.00,0.00,47.58
0,307,0.00,0.00,47.65
0,308,0.00,0.00,47.27
0,309,0.00,0.00,48.44
0,310,0.00,0.00,48.59
0,311,0.00,0.00,48.84
0,312,0.00,0.00,56.17
0,313,0.00,0.00,50.16
0,314,0.00,0.00,50.13
0,315,0.00,0.00,50.98
0,316,0.00,0.00,50.12
0,317,0.00,0.00,52.53
0,318,0.00,0.00,61.58
0,319,0.00,0.00,50.58
0,320,0.00,0.00,51.61
0,321,0.00,0.00,52.21
0,322,0.00,0.00,51.93
0,323,0.00,0.00,54.39
0,324,0.00,0.00,54.21
0,325,0.00,0.00,53.68
0,326,0.00,0.00,53.51
0,327,0.00,0.00,54.03
0,328,0.00,0.00,65.64
0,329,0.00,0.00,55.93
0,330,0.00,0.00,57.11
0,331,0.00,0.00,55.87
0,332,0.00,0.00,56.45
0,333,0.00,0.00,56.55
0,334,0.00,0.00,56.75
0,335,0.00,0.00,61.28
0,336,0.00,0.00,63.36
0,337,0.00,0.00,59.79
0,338,0.00,0.00,57.81
0,339,0.00,0.00,57.21
0,340,0.00,0.00,57.02
0,341,0.00,0.00,57.72
0,342,0.00,0.00,67.17
0,343,0.00,0.00,57.95
0,344,0.00,0.00,57.98
0,345,0.00,0.00,58.24
0,346,0.00,0.00,58.22
0,347,0.00,0.00,58.26
0,348,0.00,0.00,59.27
0,349,0.00,0.00,60.08
0,350,0.00,0.00,58.81
0,351,0.00,0.00,56.44
0,352,0.00,0.00,56.01
0,353,0.00,0.00,55.92
0,354,0.00,0.00,59.59
0,355,0.00,0.00,60.81
0,356,0.00,0.00,60.63
0,357,0.00,0.00,60.08
0,358,0.00,0.00,58.99
0,359,0.00,0.00,69.96
0,360,0.00,0.00,63.06
0,361,0.00,0.00,65.21
0,362,0.00,0.00,64.30
0,363,0.00,0.00,63.34
0,364,0.00,0.00,60.65
0,365,0.00,0.00,60.48
0,366,0.00,0.00,63.72
0,367,0.00,0.00,62.25
0,368,0.00,0.00,62.10
0,369,0.00,0.00,62.51
0,370,0.00,0.00,60.73
0,371,0.00,0.00,59.58
0,372,0.00,0.00,61.72
0,373,0.00,0.00,60.95
0,374,0.00,0.00,63.85
0,375,0.00,0.00,63.22
0,376,0.00,0.00,62.43
0,377,0.00,0.00,63.17
0,378,0.00,0.00,63.10
0,379,0.00,0.00,67.05
0,380,0.00,0.00,63.79
0,381,0.00,0.00,64.56
0,382,0.00,0.00,63.67
0,383,0.00,0.00,65.53
0,384,0.00,0.00,73.43
0,385,0.00,0.00,64.49
0,386,0.00,0.00,65.14
0,387,0.00,0.00,64.98
0,388,0.00,0.00,75.91
0,389,0.00,0.00,64.30
0,390,0.00,0.00,64.68
0,391,0.00,0.00,64.24
0,392,0.00,0.00,62.28
0,393,0.00,0.00,61.97
0,394,0.00,0.00,61.93
0,395,0.00,0.00,61.84
0,396,0.00,0.00,62.71
0,397,0.00,0.00,61.57
0,398,0.00,0.00,64.21
0,399,0.00,0.00,64.95
0,400,0.00,0.00,64.81
0,401,0.00,0.00,62.11
0,402,0.00,0.00,61.11
0,403,0.00,0.00,60.99
0,404,0.00,0.00,64.56
0,405,0.00,0.00,64.79
0,406,0.00,0.00,1135.47
0,407,0.00,0.00,43.83
0,408,0.00,0.00,41.94
0,409,0.00,0.00,41.68
0,410,0.00,0.00,54.07
0,411,0.00,0.00,42.10
0,412,0.00,0.00,42.95
0,413,0.00,0.00,43.03
0,414,0.00,0.00,42.91
0,415,0.00,0.00,42.75
0,416,0.00,0.00,43.97
0,417,0.00,0.00,45.30
0,418,0.00,0.00,45.35
0,419,0.00,0.00,45.53
0,420,0.00,0.00,45.51
0,421,0.00,0.00,46.23
0,422,0.00,0.00,45.95
0,423,0.00,0.00,48.20
0,424,0.00,0.00,47.39
0,425,0.00,0.00,50.25
0,426,0.00,0.00,49.03
0,427,0.00,0.00,52.39
0,428,0.00,0.00,65.81
0,429,0.00,0.00,55.12
0,430,0.00,0.00,54.60
0,431,0.00,0.00,61.65
0,432,0.00,0.00,53.89
0,433,0.00,0.00,54.18
0,434,0.00,0.00,54.20
0,435,0.00,0.00,55.14
0,436,0.00,0.00,60.28
0,437,0.00,0.00,75.06
0,438,0.00,0.00,819.87
0,439,0.00,0.00,53.24
0,440,0.00,0.00,39.76
0,441,0.00,0.00,53.99
0,442,0.00,0.00,48.31
0,443,0.00,0.00,41.05
0,444,0.00,0.00,48.74
0,445,0.00,0.00,48.79
0,446,0.00,0.00,49.66
0,447,0.00,0.00,58.38
0,448,0.00,0.00,43.39
0,449,0.00,0.00,59.27
0,450,0.00,0.00,54.93
0,451,0.00,0.00,53.18
0,452,0.00,0.00,52.87
0,453,0.00,0.00,53.52
0,454,0.00,0.00,53.02
0,455,0.00,0.00,69.37
0,456,0.00,0.00,44.99
0,457,0.00,0.00,90.56
0,458,0.00,0.00,63.28
0,459,0.00,0.00,47.47
0,460,0.00,0.00,55.64
0,461,0.00,0.00,65.51
0,462,0.00,0.00,54.22
0,463,0.00,0.00,45.35
0,464,0.00,0.00,53.92
0,465,0.00,0.00,55.25
0,466,0.00,0.00,75.86
0,467,0.00,0.00,60.23
0,468,0.00,0.00,46.18
0,469,0.00,0.00,44.74
0,470,0.00,0.00,44.67
0,471,0.00,0.00,44.78
0,472,0.00,0.00,44.33
0,473,0.00,0.00,44.21
0,474,0.00,0.00,56.89
0,475,0.00,0.00,67.73
0,476,0.00,0.00,38.89
0,477,0.00,0.00,47.84
0,478,0.00,0.00,41.20
0,479,0.00,0.00,56.62
0,480,0.00,0.00,41.08
0,481,0.00,0.00,40.82
0,482,0.00,0.00,42.00
0,483,0.00,0.00,44.96
0,484,0.00,0.00,45.12
0,485,0.00,0.00,71.13
0,486,0.00,0.00,99.07
0,487,0.00,0.00,130.99
0,488,0.00,0.00,53.47
0,489,0.00,0.00,2171.98
0,490,0.00,0.00,51.06
0,491,0.00,0.00,43.58
0,492,0.00,0.00,42.83
0,493,0.00,0.00,42.73
0,494,0.00,0.00,42.79
0,495,0.00,0.00,42.74
0,496,0.00,0.00,42.36
0,497,0.00,0.00,42.37
0,498,0.00,0.00,46.02
0,499,0.00,0.00,44.13
0,500,0.00,0.00,44.32
0,501,0.00,0.00,44.47
0,502,0.00,0.00,45.69
0,503,0.00,0.00,45.63
0,504,0.00,0.00,46.46
0,505,0.00,0.00,45.44
0,506,0.00,0.00,45.86
0,507,0.00,0.00,46.01
0,508,0.00,0.00,46.32
0,509,0.00,0.00,46.63
0,510,0.00,0.00,49.90
0,511,0.00,0.00,50.34
0,512,0.00,0.00,50.00
0,513,0.00,0.00,50.46
0,514,0.00,0.00,52.29
0,515,0.00,0.00,51.03
0,516,0.00,0.00,51.42
0,517,0.00,0.00,52.05
0,518,0.00,0.00,53.73
0,519,0.00,0.00,69.85
0,520,0.00,0.00,54.22
0,521,0.00,0.00,57.18
0,522,0.00,0.00,77.92
0,523,0.00,0.00,51.18
0,524,0.00,0.00,50.51
0,525,0.00,0.00,57.12
0,526,0.00,0.00,49.86
0,527,0.00,0.00,49.06
0,528,0.00,0.00,214.65
0,529,0.00,0.00,47.39
0,530,0.00,0.00,40.16
0,531,0.00,0.00,39.99
0,532,0.00,0.00,39.89
0,533,0.00,0.00,40.44
0,534,0.00,0.00,44.05
0,535,0.00,0.00,44.77
0,536,0.00,0.00,46.02
0,537,0.00,0.00,44.57
0,538,0.00,0.00,45.84
0,539,0.00,0.00,47.53
0,540,0.00,0.00,45.97
0,541,0.00,0.00,45.56
0,542,0.00,0.00,45.30
0,543,0.00,0.00,45.39
0,544,0.00,0.00,46.12
0,545,0.00,0.00,45.60
0,546,0.00,0.00,47.11
0,547,0.00,0.00,49.44
0,548,0.00,0.00,54.13
0,549,0.00,0.00,52.92
0,550,0.00,0.00,64.08
0,551,0.00,0.00,51.55
0,552,0.00,0.00,51.21
0,553,0.00,0.00,51.19
0,554,0.00,0.00,51.94
0,555,0.00,0.00,54.47
0,556,0.00,0.00,54.60
0,557,0.00,0.00,54.42
0,558,0.00,0.00,54.82
0,559,0.00,0.00,55.89
0,560,0.00,0.00,55.25
0,561,0.00,0.00,55.13
0,562,0.00,0.00,53.92
0,563,0.00,0.00,53.51
0,564,0.00,0.00,53.77
0,565,0.00,0.00,56.11
0,566,0.00,0.00,59.18
0,567,0.00,0.00,59.04
0,568,0.00,0.00,59.66
0,569,0.00,0.00,59.05
0,570,0.00,0.00,52.85
0,571,0.00,0.00,52.50
0,572,0.00,0.00,53.65
0,573,0.00,0.00,54.57
0,574,0.00,0.00,54.02
0,575,0.00,0.00,54.37
0,576,0.00,0.00,57.84
0,577,0.00,0.00,57.35
0,578,0.00,0.00,57.04
0,579,0.00,0.00,56.52
0,580,0.00,0.00,54.71
0,581,0.00,0.00,53.93
0,582,0.00,0.00,54.42
0,583,0.00,0.00,61.21
0,584,0.00,0.00,52.51
0,585,0.00,0.00,51.68
0,586,0.00,0.00,53.79
0,587,0.00,0.00,55.85
0,588,0.00,0.00,53.69
0,589,0.00,0.00,53.35
0,590,0.00,0.00,51.35
0,591,0.00,0.00,51.44
0,592,0.00,0.00,51.92
0,593,0.00,0.00,51.76
0,594,0.00,0.00,52.82
0,595,0.00,0.00,52.26
0,596,0.00,0.00,51.34
0,597,0.00,0.00,50.61
0,598,0.00,0.00,51.78
0,599,0.00,0.00,56.32
0,600,0.00,0.00,53.23
0,601,0.00,0.00,51.08
0,602,0.00,0.00,51.59
0,603,0.00,0.00,51.40
0,604,0.00,0.00,50.59
0,605,0.00,0.00,66.00
0,606,0.00,0.00,50.84
0,607,0.00,0.00,50.21
0,608,0.00,0.00,50.58
0,609,0.00,0.00,50.61
0,610,0.00,0.00,50.47
0,611,0.00,0.00,50.21
0,612,0.00,0.00,50.45
0,613,0.00,0.00,51.18
0,614,0.00,0.00,50.05
0,615,0.00,0.00,49.96
0,616,0.00,0.00,49.86
0,617,0.00,0.00,49.39
0,618,0.00,0.00,58.60
0,619,0.00,0.00,49.67
0,620,0.00,0.00,51.86
0,621,0.00,0.00,52.11
0,622,0.00,0.00,51.89
0,623,0.00,0.00,51.84
0,624,0.00,0.00,52.17
0,625,0.00,0.00,51.69
0,626,0.00,0.00,53.70
0,627,0.00,0.00,49.85
0,628,0.00,0.00,49.85
0,629,0.00,0.00,49.90
0,630,0.00,0.00,49.76
0,631,0.00,0.00,49.77
0,632,0.00,0.00,50.13
0,633,0.00,0.00,49.39
0,634,0.00,0.00,50.14
0,635,0.00,0.00,52.45
0,636,0.00,0.00,52.70
0,637,0.00,0.00,52.45
0,638,0.00,0.00,52.70
0,639,0.00,0.00,53.08
0,640,0.00,0.00,52.45
0,641,0.00,0.00,52.47
0,642,0.00,0.00,53.13
0,643,0.00,0.00,72.38
0,644,0.00,0.00,53.33
0,645,0.00,0.00,52.55
0,646,0.00,0.00,49.84
0,647,0.00,0.00,49.72
0,648,0.00,0.00,49.70
0,649,0.00,0.00,51.71
0,650,0.00,0.00,458.90
0,651,0.00,0.00,41.75
0,652,0.00,0.00,52.80
0,653,0.00,0.00,39.59
0,654,0.00,0.00,39.26
0,655,0.00,0.00,39.74
0,656,0.00,0.00,40.74
0,657,0.00,0.00,41.02
0,658,0.00,0.00,40.70
0,659,0.00,0.00,40.91
0,660,0.00,0.00,41.70
0,661,0.00,0.00,41.80
0,662,0.00,0.00,43.60
0,663,0.00,0.00,58.01
0,664,0.00,0.00,42.62
0,665,0.00,0.00,221.14
0,666,0.00,0.00,45.10
0,667,0.00,0.00,56.15
0,668,0.00,0.00,43.85
0,669,0.00,0.00,101.87
0,670,0.00,0.00,56.85
0,671,0.00,0.00,60.55
0,672,0.00,0.00,61.92
0,673,0.00,0.00,54.99
0,674,0.00,0.00,52.55
0,675,0.00,0.00,49.38
0,676,0.00,0.00,58.78
0,677,0.00,0.00,48.96
0,678,0.00,0.00,48.53
0,679,0.00,0.00,48.39
0,680,0.00,0.00,47.58
0,681,0.00,0.00,47.59
0,682,0.00,0.00,47.48
0,683,0.00,0.00,47.44
0,684,0.00,0.00,47.44
0,685,0.00,0.00,47.58
0,686,0.00,0.00,97.82
0,687,0.00,0.00,78.23
0,688,0.00,0.00,48.42
0,689,0.00,0.00,48.38
0,690,0.00,0.00,131.08
0,691,0.00,0.00,48.46
0,692,0.00,0.00,63.20
0,693,0.00,0.00,47.48
0,694,0.00,0.00,45.91
0,695,0.00,0.00,42.28
0,696,0.00,0.00,42.31
0,697,0.00,0.00,42.20
0,698,0.00,0.00,42.07
0,699,0.00,0.00,42.86
0,700,0.00,0.00,42.08
0,701,0.00,0.00,42.00
0,702,0.00,0.00,42.28
0,703,0.00,0.00,81.26
0,704,0.00,0.00,174.16
0,705,0.00,0.00,40.83
0,706,0.00,0.00,40.08
0,707,0.00,0.00,40.15
0,708,0.00,0.00,41.05
0,709,0.00,0.00,39.98
0,710,0.00,0.00,39.85
0,711,0.00,0.00,41.24
0,712,0.00,0.00,39.83
0,713,0.00,0.00,40.52
0,714,0.00,0.00,40.68
0,715,0.00,0.00,40.18
0,716,0.00,0.00,41.50
0,717,0.00,0.00,41.13
0,718,0.00,0.00,41.03
0,719,0.00,0.00,40.91
0,720,0.00,0.00,41.98
0,721,0.00,0.00,170.45
0,722,0.00,0.00,63.10
0,723,0.00,0.00,73.02
0,724,0.00,0.00,69.04
0,725,0.00,0.00,49.00
0,726,0.00,0.00,48.30
0,727,0.00,0.00,47.80
0,728,0.00,0.00,59.16
0,729,0.00,0.00,72.92
0,730,0.00,0.00,1107.34
0,731,0.00,0.00,54.08
0,732,0.00,0.00,59.61
0,733,0.00,0.00,1582.36
0,734,0.00,0.00,56.98
0,735,0.00,0.00,44.26
0,736,0.00,0.00,43.50
0,737,0.00,0.00,43.01
0,738,0.00,0.00,43.20
0,739,0.00,0.00,42.54
0,740,0.00,0.00,41.66
0,741,0.00,0.00,41.67
0,742,0.00,0.00,41.60
0,743,0.00,0.00,41.25
0,744,0.00,0.00,41.37
0,745,0.00,0.00,41.42
0,746,0.00,0.00,51.21
0,747,0.00,0.00,42.94
0,748,0.00,0.00,45.92
0,749,0.00,0.00,45.90
0,750,0.00,0.00,83.28
0,751,0.00,0.00,45.96
0,752,0.00,0.00,45.47
0,753,0.00,0.00,45.66
0,754,0.00,0.00,45.25
0,755,0.00,0.00,956.59
0,756,0.00,0.00,45.47
0,757,0.00,0.00,44.17
0,758,0.00,0.00,43.66
0,759,0.00,0.00,44.92
0,760,0.00,0.00,102.44
0,761,0.00,0.00,82.05
0,762,0.00,0.00,46.73
0,763,0.00,0.00,44.18
0,764,0.00,0.00,44.95
0,765,0.00,0.00,45.69
0,766,0.00,0.00,57.92
0,767,0.00,0.00,52.31
0,768,0.00,0.00,38.65
0,769,0.00,0.00,38.50
0,770,0.00,0.00,38.48
0,771,0.00,0.00,38.56
0,772,0.00,0.00,38.78
0,773,0.00,0.00,39.24
0,774,0.00,0.00,38.73
0,775,0.00,0.00,38.83
0,776,0.00,0.00,38.73
0,777,0.00,0.00,38.57
0,778,0.00,0.00,39.44
0,779,0.00,0.00,48.46
0,780,0.00,0.00,38.64
0,781,0.00,0.00,43.78
0,782,0.00,0.00,44.09
0,783,0.00,0.00,43.57
0,784,0.00,0.00,43.85
0,785,0.00,0.00,44.07
0,786,0.00,0.00,44.17
0,787,0.00,0.00,45.30
0,788,0.00,0.00,44.26
0,789,0.00,0.00,44.14
0,790,0.00,0.00,46.99
0,791,0.00,0.00,50.82
0,792,0.00,0.00,49.11
0,793,0.00,0.00,48.93
0,794,0.00,0.00,48.72
0,795,0.00,0.00,51.21
0,796,0.00,0.00,49.61
0,797,0.00,0.00,49.07
0,798,0.00,0.00,70.10
0,799,0.00,0.00,53.37
0,800,0.00,0.00,53.33
0,801,0.00,0.00,53.50
0,802,0.00,0.00,55.50
0,803,0.00,0.00,55.43
0,804,0.00,0.00,55.12
0,805,0.00,0.00,54.28
0,806,0.00,0.00,68.13
0,807,0.00,0.00,53.61
0,808,0.00,0.00,52.92
0,809,0.00,0.00,53.77
0,810,0.00,0.00,54.77
0,811,0.00,0.00,52.88
0,812,0.00,0.00,53.93
0,813,0.00,0.00,57.20
0,814,0.00,0.00,55.97
0,815,0.00,0.00,55.68
0,816,0.00,0.00,60.86
0,817,0.00,0.00,51.96
0,818,0.00,0.00,51.59
0,819,0.00,0.00,51.90
0,820,0.00,0.00,53.67
0,821,0.00,0.00,58.92
0,822,0.00,0.00,56.81
0,823,0.00,0.00,65.33
0,824,0.00,0.00,52.50
0,825,0.00,0.00,52.53
0,826,0.00,0.00,52.23
0,827,0.00,0.00,64.91
0,828,0.00,0.00,54.86
0,829,0.00,0.00,52.10
0,830,0.00,0.00,52.18
0,831,0.00,0.00,52.46
0,832,0.00,0.00,51.90
0,833,0.00,0.00,64.06
0,834,0.00,0.00,52.42
0,835,0.00,0.00,52.08
0,836,0.00,0.00,52.05
0,837,0.00,0.00,52.75
0,838,0.00,0.00,52.35
0,839,0.00,0.00,65.13
0,840,0.00,0.00,52.47
0,841,0.00,0.00,51.22
0,842,0.00,0.00,51.26
0,843,0.00,0.00,51.71
0,844,0.00,0.00,51.26
0,845,0.00,0.00,50.70
0,846,0.00,0.00,51.40
0,847,0.00,0.00,51.47
0,848,0.00,0.00,60.47
0,849,0.00,0.00,50.81
0,850,0.00,0.00,50.48
0,851,0.00,0.00,50.04
0,852,0.00,0.00,50.36
0,853,0.00,0.00,50.49
0,854,0.00,0.00,49.96
0,855,0.00,0.00,50.05
0,856,0.00,0.00,50.93
0,857,0.00,0.00,50.25
0,858,0.00,0.00,50.48
0,859,0.00,0.00,50.30
0,860,0.00,0.00,51.26
0,861,0.00,0.00,52.18
0,862,0.00,0.00,53.41
0,863,0.00,0.00,52.93
0,864,0.00,0.00,52.21
0,865,0.00,0.00,50.55
0,866,0.00,0.00,65.94
0,867,0.00,0.00,51.05
0,868,0.00,0.00,51.03
0,869,0.00,0.00,50.48
0,870,0.00,0.00,51.62
0,871,0.00,0.00,50.32
0,872,0.00,0.00,50.97
0,873,0.00,0.00,51.76
0,874,0.00,0.00,51.97
0,875,0.00,0.00,67.65
0,876,0.00,0.00,50.55
0,877,0.00,0.00,49.49
0,878,0.00,0.00,50.23
0,879,0.00,0.00,49.60
0,880,0.00,0.00,50.17
0,881,0.00,0.00,50.10
0,882,0.00,0.00,49.90
0,883,0.00,0.00,50.46
0,884,0.00,0.00,51.71
0,885,0.00,0.00,50.34
0,886,0.00,0.00,49.49
0,887,0.00,0.00,49.56
0,888,0.00,0.00,49.39
0,889,0.00,0.00,49.69
0,890,0.00,0.00,48.40
0,891,0.00,0.00,48.88
0,892,0.00,0.00,111.51
0,893,0.00,0.00,48.70
0,894,0.00,0.00,48.34
0,895,0.00,0.00,617.56
0,896,0.00,0.00,40.80
0,897,0.00,0.00,39.33
0,898,0.00,0.00,61.21
0,899,0.00,0.00,39.07
0,900,0.00,0.00,38.81
0,901,0.00,0.00,38.75
0,902,0.00,0.00,39.75
0,903,0.00,0.00,40.78
0,904,0.00,0.00,42.03
0,905,0.00,0.00,60.87
0,906,0.00,0.00,41.00
0,907,0.00,0.00,132.30
0,908,0.00,0.00,63.85
0,909,0.00,0.00,89.98
0,910,0.00,0.00,49.71
0,911,0.00,0.00,48.28
0,912,0.00,0.00,46.15
0,913,0.00,0.00,43.52
0,914,0.00,0.00,44.08
0,915,0.00,0.00,44.69
0,916,0.00,0.00,43.75
0,917,0.00,0.00,44.16
0,918,0.00,0.00,52.17
0,919,0.00,0.00,43.74
0,920,0.00,0.00,43.45
0,921,0.00,0.00,43.40
0,922,0.00,0.00,43.41
0,923,0.00,0.00,43.78
0,924,0.00,0.00,44.85
0,925,0.00,0.00,44.95
0,926,0.00,0.00,45.88
0,927,0.00,0.00,44.89
0,928,0.00,0.00,45.36
0,929,0.00,0.00,45.00
0,930,0.00,0.00,45.56
0,931,0.00,0.00,45.55
0,932,0.00,0.00,47.01
0,933,0.00,0.00,48.68
0,934,0.00,0.00,49.23
0,935,0.00,0.00,48.58
0,936,0.00,0.00,48.06
0,937,0.00,0.00,58.57
0,938,0.00,0.00,47.62
0,939,0.00,0.00,47.92
0,940,0.00,0.00,48.70
0,941,0.00,0.00,50.36
0,942,0.00,0.00,49.51
0,943,0.00,0.00,49.09
0,944,0.00,0.00,51.20
0,945,0.00,0.00,53.28
0,946,0.00,0.00,54.14
0,947,0.00,0.00,53.24
0,948,0.00,0.00,75.71
0,949,0.00,0.00,47.27
0,950,0.00,0.00,45.09
0,951,0.00,0.00,124.44
0,952,0.00,0.00,67.67
0,953,0.00,0.00,331.28
0,954,0.00,0.00,44.96
0,955,0.00,0.00,44.04
0,956,0.00,0.00,44.20
0,957,0.00,0.00,44.07
0,958,0.00,0.00,43.94
0,959,0.00,0.00,42.50
0,960,0.00,0.00,41.05
0,961,0.00,0.00,40.93
0,962,0.00,0.00,42.86
0,963,0.00,0.00,43.96
0,964,0.00,0.00,44.05
0,965,0.00,0.00,50.96
0,966,0.00,0.00,44.26
0,967,0.00,0.00,44.68
0,968,0.00,0.00,45.59
0,969,0.00,0.00,45.45
0,970,0.00,0.00,56.09
0,971,0.00,0.00,58.82
0,972,0.00,0.00,49.40
0,973,0.00,0.00,47.86
0,974,0.00,0.00,48.98
0,975,0.00,0.00,49.59
0,976,0.00,0.00,49.29
0,977,0.00,0.00,49.62
0,978,0.00,0.00,51.20
0,979,0.00,0.00,53.38
0,980,0.00,0.00,52.35
0,981,0.00,0.00,52.52
0,982,0.00,0.00,54.20
0,983,0.00,0.00,57.21
0,984,0.00,0.00,54.57
0,985,0.00,0.00,56.13
0,986,0.00,0.00,57.25
0,987,0.00,0.00,57.65
0,988,0.00,0.00,57.24
0,989,0.00,0.00,59.92
0,990,0.00,0.00,61.06
0,991,0.00,0.00,59.36
0,992,0.00,0.00,58.61
0,993,0.00,0.00,66.91
0,994,0.00,0.00,59.94
0,995,0.00,0.00,59.85
0,996,0.00,0.00,61.16
0,997,0.00,0.00,61.18
0,998,0.00,0.00,61.21
0,999,0.00,0.00,63.13
0,1000,0.00,0.00,64.17
0,1001,0.00,0.00,63.71
0,1002,0.00,0.00,72.84
0,1003,0.00,0.00,62.27
0,1004,0.00,0.00,62.58
0,1005,0.00,0.00,64.97
0,1006,0.00,0.00,65.59
0,1007,0.00,0.00,64.40
0,1008,0.00,0.00,68.19
0,1009,0.00,0.00,68.14
0,1010,0.00,0.00,68.32
0,1011,0.00,0.00,230.41
0,1012,0.00,0.00,56.51
0,1013,0.00,0.00,265.37
0,1014,0.00,0.00,48.44
0,1015,0.00,0.00,47.30
0,1016,0.00,0.00,47.11
0,1017,0.00,0.00,47.29
0,1018,0.00,0.00,47.62
0,1019,0.00,0.00,48.18
0,1020,0.00,0.00,47.83
0,1021,0.00,0.00,57.40
0,1022,0.00,0.00,47.51
0,1023,0.00,0.00,47.38
0,1024,0.00,0.00,47.60
0,1025,0.00,0.00,47.74
0,1026,0.00,0.00,47.37
0,1027,0.00,0.00,48.45
0,1028,0.00,0.00,46.51
0,1029,0.00,0.00,46.40
0,1030,0.00,0.00,53.37
0,1031,0.00,0.00,45.71
0,1032,0.00,0.00,45.79
0,1033,0.00,0.00,45.66
0,1034,0.00,0.00,47.28
0,1035,0.00,0.00,46.00
0,1036,0.00,0.00,48.21
0,1037,0.00,0.00,54.56
0,1038,0.00,0.00,45.99
0,1039,0.00,0.00,45.97
0,1040,0.00,0.00,46.25
0,1041,0.00,0.00,46.23
0,1042,0.00,0.00,46.00
0,1043,0.00,0.00,46.76
0,1044,0.00,0.00,46.39
0,1045,0.00,0.00,92.28
0,1046,0.00,0.00,84.00
0,1047,0.00,0.00,56.85
0,1048,0.00,0.00,127.06
0,1049,0.00,0.00,69.91
0,1050,0.00,0.00,57.79
0,1051,0.00,0.00,89.85
0,1052,0.00,0.00,50.62
0,1053,0.00,0.00,72.63
0,1054,0.00,0.00,73.30
0,1055,0.00,0.00,75.48
0,1056,0.00,0.00,116.94
0,1057,0.00,0.00,43.18
0,1058,0.00,0.00,144.93
0,1059,0.00,0.00,95.78
0,1060,0.00,0.00,81.73
0,1061,0.00,0.00,82.73
0,1062,0.00,0.00,47.22
0,1063,0.00,0.00,46.23
0,1064,0.00,0.00,45.90
0,1065,0.00,0.00,45.82
0,1066,0.00,0.00,45.84
0,1067,0.00,0.00,45.72
0,1068,0.00,0.00,46.35
0,1069,0.00,0.00,46.03
0,1070,0.00,0.00,46.00
0,1071,0.00,0.00,46.25
0,1072,0.00,0.00,46.71
0,1073,0.00,0.00,47.10
0,1074,0.00,0.00,48.25
0,1075,0.00,0.00,46.96
0,1076,0.00,0.00,47.20
0,1077,0.00,0.00,47.26
0,1078,0.00,0.00,49.16
0,1079,0.00,0.00,50.32
0,1080,0.00,0.00,52.23
0,1081,0.00,0.00,53.37
0,1082,0.00,0.00,52.17
0,1083,0.00,0.00,61.28
0,1084,0.00,0.00,49.28
0,1085,0.00,0.00,49.25
0,1086,0.00,0.00,48.94
0,1087,0.00,0.00,50.88
0,1088,0.00,0.00,51.29
0,1089,0.00,0.00,50.82
0,1090,0.00,0.00,51.48
0,1091,0.00,0.00,53.21
0,1092,0.00,0.00,52.87
0,1093,0.00,0.00,53.28
0,1094,0.00,0.00,56.07
0,1095,0.00,0.00,57.58
0,1096,0.00,0.00,57.93
0,1097,0.00,0.00,58.63
0,1098,0.00,0.00,63.51
0,1099,0.00,0.00,57.15
0,1100,0.00,0.00,56.09
0,1101,0.00,0.00,58.46
0,1102,0.00,0.00,58.47
0,1103,0.00,0.00,71.32
0,1104,0.00,0.00,59.82
0,1105,0.00,0.00,60.04
0,1106,0.00,0.00,60.13
0,1107,0.00,0.00,61.38
0,1108,0.00,0.00,63.56
0,1109,0.00,0.00,62.42
0,1110,0.00,0.00,61.61
0,1111,0.00,0.00,61.84
0,1112,0.00,0.00,60.29
0,1113,0.00,0.00,64.10
0,1114,0.00,0.00,78.36
0,1115,0.00,0.00,66.15
0,1116,0.00,0.00,64.39
0,1117,0.00,0.00,63.03
0,1118,0.00,0.00,63.68
0,1119,0.00,0.00,64.20
0,1120,0.00,0.00,65.47
0,1121,0.00,0.00,65.22
0,1122,0.00,0.00,65.83
0,1123,0.00,0.00,66.22
0,1124,0.00,0.00,66.12
0,1125,0.00,0.00,67.21
0,1126,0.00,0.00,77.27
0,1127,0.00,0.00,69.52
0,1128,0.00,0.00,69.40
0,1129,0.00,0.00,70.30
0,1130,0.00,0.00,70.21
0,1131,0.00,0.00,70.45
0,1132,0.00,0.00,70.91
0,1133,0.00,0.00,72.34
0,1134,0.00,0.00,72.80
0,1135,0.00,0.00,71.88
0,1136,0.00,0.00,70.97
0,1137,0.00,0.00,70.86
0,1138,0.00,0.00,70.45
0,1139,0.00,0.00,73.15
0,1140,0.00,0.00,73.32
0,1141,0.00,0.00,85.67
0,1142,0.00,0.00,71.77
0,1143,0.00,0.00,73.80
0,1144,0.00,0.00,75.87
0,1145,0.00,0.00,93.77
0,1146,0.00,0.00,75.84
0,1147,0.00,0.00,75.57
0,1148,0.00,0.00,73.09
0,1149,0.00,0.00,72.49
0,1150,0.00,0.00,74.92
0,1151,0.00,0.00,75.02
0,1152,0.00,0.00,68.21
0,1153,0.00,0.00,68.58
0,1154,0.00,0.00,70.32
0,1155,0.00,0.00,70.69
0,1156,0.00,0.00,77.37
0,1157,0.00,0.00,69.85
0,1158,0.00,0.00,69.47
0,1159,0.00,0.00,69.73
0,1160,0.00,0.00,82.63
0,1161,0.00,0.00,69.51
0,1162,0.00,0.00,69.62
0,1163,0.00,0.00,70.06
0,1164,0.00,0.00,69.78
0,1165,0.00,0.00,81.57
0,1166,0.00,0.00,67.73
0,1167,0.00,0.00,67.20
0,1168,0.00,0.00,67.22
0,1169,0.00,0.00,67.82
0,1170,0.00,0.00,67.16
0,1171,0.00,0.00,67.15
0,1172,0.00,0.00,68.44
0,1173,0.00,0.00,67.93
0,1174,0.00,0.00,70.74
0,1175,0.00,0.00,69.56
0,1176,0.00,0.00,68.13
0,1177,0.00,0.00,68.35
0,1178,0.00,0.00,69.10
0,1179,0.00,0.00,68.75
0,1180,0.00,0.00,68.62
0,1181,0.00,0.00,66.93
0,1182,0.00,0.00,65.94
0,1183,0.00,0.00,66.70
0,1184,0.00,0.00,66.14
0,1185,0.00,0.00,66.98
0,1186,0.00,0.00,66.08
0,1187,0.00,0.00,66.68
0,1188,0.00,0.00,695.97
0,1189,0.00,0.00,41.21
0,1190,0.00,0.00,39.75
0,1191,0.00,0.00,39.62
0,1192,0.00,0.00,40.80
0,1193,0.00,0.00,43.12
0,1194,0.00,0.00,43.48
0,1195,0.00,0.00,43.56
0,1196,0.00,0.00,43.33
0,1197,0.00,0.00,45.92
0,1198,0.00,0.00,45.98
0,1199,0.00,0.00,45.55
0,1200,0.00,0.00,45.68
0,1201,0.00,0.00,46.46
0,1202,0.00,0.00,47.25
0,1203,0.00,0.00,46.92
0,1204,0.00,0.00,46.48
0,1205,0.00,0.00,46.51
0,1206,0.00,0.00,48.16
0,1207,0.00,0.00,48.89
0,1208,0.00,0.00,48.45
0,1209,0.00,0.00,66.18
0,1210,0.00,0.00,40.50
0,1211,0.00,0.00,39.76
0,1212,0.00,0.00,44.73
0,1213,0.00,0.00,39.79
0,1214,0.00,0.00,39.53
0,1215,0.00,0.00,39.94
0,1216,0.00,0.00,40.42
0,1217,0.00,0.00,39.70
0,1218,0.00,0.00,39.80
0,1219,0.00,0.00,40.02
0,1220,0.00,0.00,60.26
0,1221,0.00,0.00,43.22
0,1222,0.00,0.00,43.64
0,1223,0.00,0.00,43.20
0,1224,0.00,0.00,44.01
0,1225,0.00,0.00,43.61
0,1226,0.00,0.00,43.87
0,1227,0.00,0.00,44.88
0,1228,0.00,0.00,47.78
0,1229,0.00,0.00,51.03
0,1230,0.00,0.00,50.07
0,1231,0.00,0.00,61.47
0,1232,0.00,0.00,50.31
0,1233,0.00,0.00,48.06
0,1234,0.00,0.00,48.37
0,1235,0.00,0.00,47.74
0,1236,0.00,0.00,49.65
0,1237,0.00,0.00,66.16
0,1238,0.00,0.00,54.63
0,1239,0.00,0.00,65.37
0,1240,0.00,0.00,52.43
0,1241,0.00,0.00,52.13
0,1242,0.00,0.00,64.76
0,1243,0.00,0.00,57.94
0,1244,0.00,0.00,57.47
0,1245,0.00,0.00,56.96
0,1246,0.00,0.00,57.90
0,1247,0.00,0.00,57.12
0,1248,0.00,0.00,58.15
0,1249,0.00,0.00,1264.85
0,1250,0.00,0.00,47.91
0,1251,0.00,0.00,45.81
0,1252,0.00,0.00,45.35
0,1253,0.00,0.00,45.41
0,1254,0.00,0.00,45.61
0,1255,0.00,0.00,45.17
0,1256,0.00,0.00,46.18
0,1257,0.00,0.00,46.52
0,1258,0.00,0.00,45.16
0,1259,0.00,0.00,45.77
0,1260,0.00,0.00,44.17
0,1261,0.00,0.00,44.48
0,1262,0.00,0.00,44.42
0,1263,0.00,0.00,44.19
0,1264,0.00,0.00,1723.38
0,1265,0.00,0.00,50.05
0,1266,0.00,0.00,48.70
0,1267,0.00,0.00,48.24
0,1268,0.00,0.00,47.61
0,1269,0.00,0.00,777.86
0,1270,0.00,0.00,56.35
0,1271,0.00,0.00,46.00
0,1272,0.00,0.00,45.49
0,1273,0.00,0.00,267.51
0,1274,0.00,0.00,72.98
0,1275,0.00,0.00,54.23
0,1276,0.00,0.00,65.48
0,1277,0.00,0.00,54.33
0,1278,0.00,0.00,45.94
0,1279,0.00,0.00,92.80
0,1280,0.00,0.00,54.06
0,1281,0.00,0.00,45.70
0,1282,0.00,0.00,45.58
0,1283,0.00,0.00,55.07
0,1284,0.00,0.00,54.14
0,1285,0.00,0.00,87.77
0,1286,0.00,0.00,64.13
0,1287,0.00,0.00,167.74
0,1288,0.00,0.00,40.82
0,1289,0.00,0.00,39.68
0,1290,0.00,0.00,39.48
0,1291,0.00,0.00,40.68
0,1292,0.00,0.00,39.23
0,1293,0.00,0.00,43.27
0,1294,0.00,0.00,52.37
0,1295,0.00,0.00,39.10
0,1296,0.00,0.00,38.78
0,1297,0.00,0.00,39.28
0,1298,0.00,0.00,47.09
0,1299,0.00,0.00,54.07
0,1300,0.00,0.00,43.94
0,1301,0.00,0.00,44.11
0,1302,0.00,0.00,46.60
0,1303,0.00,0.00,46.91
0,1304,0.00,0.00,57.98
0,1305,0.00,0.00,44.71
0,1306,0.00,0.00,46.06
0,1307,0.00,0.00,46.50
0,1308,0.00,0.00,46.52
0,1309,0.00,0.00,46.93
0,1310,0.00,0.00,49.45
0,1311,0.00,0.00,51.70
0,1312,0.00,0.00,52.20
0,1313,0.00,0.00,64.46
0,1314,0.00,0.00,51.93
0,1315,0.00,0.00,51.23
0,1316,0.00,0.00,51.85
0,1317,0.00,0.00,50.92
0,1318,0.00,0.00,52.20
0,1319,0.00,0.00,51.76
0,1320,0.00,0.00,51.21
0,1321,0.00,0.00,52.21
0,1322,0.00,0.00,53.40
0,1323,0.00,0.00,54.08
0,1324,0.00,0.00,54.18
0,1325,0.00,0.00,55.55
0,1326,0.00,0.00,55.33
0,1327,0.00,0.00,58.01
0,1328,0.00,0.00,53.25
0,1329,0.00,0.00,50.99
0,1330,0.00,0.00,62.41
0,1331,0.00,0.00,51.47
0,1332,0.00,0.00,55.53
0,1333,0.00,0.00,55.22
0,1334,0.00,0.00,55.11
0,1335,0.00,0.00,54.29
0,1336,0.00,0.00,51.90
0,1337,0.00,0.00,51.94
0,1338,0.00,0.00,53.73
0,1339,0.00,0.00,54.73
0,1340,0.00,0.00,63.76
0,1341,0.00,0.00,56.13
0,1342,0.00,0.00,55.46
0,1343,0.00,0.00,55.63
0,1344,0.00,0.00,55.41
0,1345,0.00,0.00,56.05
0,1346,0.00,0.00,55.06
0,1347,0.00,0.00,62.96
0,1348,0.00,0.00,53.20
0,1349,0.00,0.00,53.39
0,1350,0.00,0.00,53.21
0,1351,0.00,0.00,55.13
0,1352,0.00,0.00,53.13
0,1353,0.00,0.00,54.93
0,1354,0.00,0.00,56.49
0,1355,0.00,0.00,56.10
0,1356,0.00,0.00,56.66
0,1357,0.00,0.00,54.82
0,1358,0.00,0.00,53.79
0,1359,0.00,0.00,55.04
0,1360,0.00,0.00,54.69
0,1361,0.00,0.00,54.15
0,1362,0.00,0.00,53.36
0,1363,0.00,0.00,65.57
0,1364,0.00,0.00,56.82
0,1365,0.00,0.00,53.70
0,1366,0.00,0.00,58.41
0,1367,0.00,0.00,53.26
0,1368,0.00,0.00,52.95
0,1369,0.00,0.00,52.71
0,1370,0.00,0.00,53.70
0,1371,0.00,0.00,72.84
0,1372,0.00,0.00,65.13
0,1373,0.00,0.00,53.06
0,1374,0.00,0.00,53.02
0,1375,0.00,0.00,52.68
0,1376,0.00,0.00,52.81
0,1377,0.00,0.00,53.24
0,1378,0.00,0.00,52.98
0,1379,0.00,0.00,53.51
0,1380,0.00,0.00,75.08
0,1381,0.00,0.00,51.01
0,1382,0.00,0.00,51.31
0,1383,0.00,0.00,51.22
0,1384,0.00,0.00,51.59
0,1385,0.00,0.00,51.66
0,1386,0.00,0.00,52.85
0,1387,0.00,0.00,51.23
0,1388,0.00,0.00,52.70
0,1389,0.00,0.00,51.75
0,1390,0.00,0.00,52.45
0,1391,0.00,0.00,51.59
0,1392,0.00,0.00,53.07
0,1393,0.00,0.00,52.03
0,1394,0.00,0.00,51.24
0,1395,0.00,0.00,51.33
0,1396,0.00,0.00,51.66
0,1397,0.00,0.00,64.68
0,1398,0.00,0.00,51.46
0,1399,0.00,0.00,51.43
0,1400,0.00,0.00,50.19
0,1401,0.00,0.00,50.38
0,1402,0.00,0.00,50.36
0,1403,0.00,0.00,49.97
0,1404,0.00,0.00,51.76
0,1405,0.00,0.00,50.37
0,1406,0.00,0.00,62.84
0,1407,0.00,0.00,49.99
0,1408,0.00,0.00,49.96
0,1409,0.00,0.00,49.76
0,1410,0.00,0.00,49.95
0,1411,0.00,0.00,652.75
0,1412,0.00,0.00,53.11
0,1413,0.00,0.00,48.35
0,1414,0.00,0.00,49.48
0,1415,0.00,0.00,44.76
0,1416,0.00,0.00,43.45
0,1417,0.00,0.00,66.87
0,1418,0.00,0.00,65.48
0,1419,0.00,0.00,53.46
0,1420,0.00,0.00,41.90
0,1421,0.00,0.00,55.46
0,1422,0.00,0.00,43.76
0,1423,0.00,0.00,53.40
0,1424,0.00,0.00,53.04
0,1425,0.00,0.00,52.37
0,1426,0.00,0.00,54.23
0,1427,0.00,0.00,70.01
0,1428,0.00,0.00,46.66
0,1429,0.00,0.00,64.26
0,1430,0.00,0.00,58.44
0,1431,0.00,0.00,58.46
0,1432,0.00,0.00,58.06
0,1433,0.00,0.00,85.57
0,1434,0.00,0.00,50.09
0,1435,0.00,0.00,49.78
0,1436,0.00,0.00,110.88
0,1437,0.00,0.00,131.93
0,1438,0.00,0.00,137.44
0,1439,0.00,0.00,111.38
0,1440,0.00,0.00,62.28
0,1441,0.00,0.00,52.14
0,1442,0.00,0.00,81.89
0,1443,0.00,0.00,55.68
0,1444,0.00,0.00,74.29
0,1445,0.00,0.00,146.39
0,1446,0.00,0.00,207.07
0,1447,0.00,0.00,63.81
0,1448,0.00,0.00,177.63
0,1449,0.00,0.00,60.31
0,1450,0.00,0.00,202.72
0,1451,0.00,0.00,161.01
0,1452,0.00,0.00,41.75
0,1453,0.00,0.00,40.86
0,1454,0.00,0.00,41.06
0,1455,0.00,0.00,40.78
0,1456,0.00,0.00,42.37
0,1457,0.00,0.00,43.15
0,1458,0.00,0.00,42.98
0,1459,0.00,0.00,42.59
0,1460,0.00,0.00,45.24
0,1461,0.00,0.00,44.69
0,1462,0.00,0.00,45.08
0,1463,0.00,0.00,46.36
0,1464,0.00,0.00,45.09
0,1465,0.00,0.00,46.59
0,1466,0.00,0.00,55.54
0,1467,0.00,0.00,52.45
0,1468,0.00,0.00,45.90
0,1469,0.00,0.00,51.95
0,1470,0.00,0.00,52.01
0,1471,0.00,0.00,52.38
0,1472,0.00,0.00,51.88
0,1473,0.00,0.00,61.16
0,1474,0.00,0.00,50.63
0,1475,0.00,0.00,50.28
0,1476,0.00,0.00,50.91
0,1477,0.00,0.00,51.11
0,1478,0.00,0.00,51.04
0,1479,0.00,0.00,51.44
0,1480,0.00,0.00,53.70
0,1481,0.00,0.00,1960.41
0,1482,0.00,0.00,41.05
0,1483,0.00,0.00,39.26
0,1484,0.00,0.00,39.08
0,1485,0.00,0.00,39.04
0,1486,0.00,0.00,39.74
0,1487,0.00,0.00,39.83
0,1488,0.00,0.00,40.31
0,1489,0.00,0.00,39.96
0,1490,0.00,0.00,39.83
0,1491,0.00,0.00,46.31
0,1492,0.00,0.00,87.72
0,1493,0.00,0.00,46.79
0,1494,0.00,0.00,45.90
0,1495,0.00,0.00,191.25
0,1496,0.00,0.00,47.96
0,1497,0.00,0.00,47.23
0,1498,0.00,0.00,47.62
0,1499,0.00,0.00,47.41
0,1500,0.00,0.00,48.21
0,1501,0.00,0.00,47.84
0,1502,0.00,0.00,48.69
0,1503,0.00,0.00,49.13
0,1504,0.00,0.00,73.93
0,1505,0.00,0.00,49.51
0,1506,0.00,0.00,57.89
0,1507,0.00,0.00,50.32
0,1508,0.00,0.00,94.27
0,1509,0.00,0.00,52.11
0,1510,0.00,0.00,140.57
0,1511,0.00,0.00,53.34
0,1512,0.00,0.00,52.08
0,1513,0.00,0.00,51.49
0,1514,0.00,0.00,78.05
0,1515,0.00,0.00,52.56
0,1516,0.00,0.00,52.64
0,1517,0.00,0.00,533.53
0,1518,0.00,0.00,50.07
0,1519,0.00,0.00,49.93
0,1520,0.00,0.00,49.83
0,1521,0.00,0.00,50.29
0,1522,0.00,0.00,49.91
0,1523,0.00,0.00,50.68
0,1524,0.00,0.00,49.78
0,1525,0.00,0.00,51.44
0,1526,0.00,0.00,62.47
0,1527,0.00,0.00,314.48
0,1528,0.00,0.00,368.80
0,1529,0.00,0.00,229.12
0,1530,0.00,0.00,119.71
0,1531,0.00,0.00,107.00
0,1532,0.00,0.00,81.05
0,1533,0.00,0.00,413.18
0,1534,0.00,0.00,45.37
0,1535,0.00,0.00,44.58
0,1536,0.00,0.00,44.48
0,1537,0.00,0.00,44.25
0,1538,0.00,0.00,44.51
0,1539,0.00,0.00,44.92
0,1540,0.00,0.00,44.36
0,1541,0.00,0.00,47.39
0,1542,0.00,0.00,46.88
0,1543,0.00,0.00,44.11
0,1544,0.00,0.00,51.47
0,1545,0.00,0.00,43.83
0,1546,0.00,0.00,43.57
0,1547,0.00,0.00,43.24
0,1548,0.00,0.00,43.10
0,1549,0.00,0.00,43.03
0,1550,0.00,0.00,43.16
0,1551,0.00,0.00,52.94
0,1552,0.00,0.00,43.23
0,1553,0.00,0.00,43.40
0,1554,0.00,0.00,43.52
0,1555,0.00,0.00,43.41
0,1556,0.00,0.00,46.60
0,1557,0.00,0.00,43.44
0,1558,0.00,0.00,45.65
0,1559,0.00,0.00,48.03
0,1560,0.00,0.00,48.29
0,1561,0.00,0.00,47.21
0,1562,0.00,0.00,48.22
0,1563,0.00,0.00,49.86
0,1564,0.00,0.00,46.92
0,1565,0.00,0.00,47.16
0,1566,0.00,0.00,46.62
0,1567,0.00,0.00,48.41
0,1568,0.00,0.00,58.16
0,1569,0.00,0.00,48.90
0,1570,0.00,0.00,48.57
0,1571,0.00,0.00,50.22
0,1572,0.00,0.00,50.29
0,1573,0.00,0.00,50.34
0,1574,0.00,0.00,50.70
0,1575,0.00,0.00,60.86
0,1576,0.00,0.00,54.53
0,1577,0.00,0.00,53.52
0,1578,0.00,0.00,54.20
0,1579,0.00,0.00,54.15
0,1580,0.00,0.00,53.60
0,1581,0.00,0.00,53.47
0,1582,0.00,0.00,52.68
0,1583,0.00,0.00,52.26
0,1584,0.00,0.00,51.74
0,1585,0.00,0.00,52.50
0,1586,0.00,0.00,53.09
0,1587,0.00,0.00,55.30
0,1588,0.00,0.00,56.90
0,1589,0.00,0.00,55.57
0,1590,0.00,0.00,55.31
0,1591,0.00,0.00,55.34
0,1592,0.00,0.00,55.90
0,1593,0.00,0.00,54.59
0,1594,0.00,0.00,54.78
0,1595,0.00,0.00,56.58
0,1596,0.00,0.00,58.64
0,1597,0.00,0.00,56.27
0,1598,0.00,0.00,56.57
0,1599,0.00,0.00,54.45
0,1600,0.00,0.00,54.85
0,1601,0.00,0.00,65.35
0,1602,0.00,0.00,54.33
0,1603,0.00,0.00,53.78
0,1604,0.00,0.00,55.13
0,1605,0.00,0.00,56.66
0,1606,0.00,0.00,56.34
0,1607,0.00,0.00,56.35
0,1608,0.00,0.00,56.79
0,1609,0.00,0.00,54.19
0,1610,0.00,0.00,54.16
0,1611,0.00,0.00,57.12
0,1612,0.00,0.00,57.01
0,1613,0.00,0.00,61.11
0,1614,0.00,0.00,57.50
0,1615,0.00,0.00,56.75
0,1616,0.00,0.00,54.50
0,1617,0.00,0.00,55.07
0,1618,0.00,0.00,54.93
0,1619,0.00,0.00,59.32
0,1620,0.00,0.00,55.64
0,1621,0.00,0.00,55.00
0,1622,0.00,0.00,54.83
0,1623,0.00,0.00,52.70
0,1624,0.00,0.00,53.04
0,1625,0.00,0.00,61.19
0,1626,0.00,0.00,54.66
0,1627,0.00,0.00,54.93
0,1628,0.00,0.00,55.68
0,1629,0.00,0.00,54.85
0,1630,0.00,0.00,54.05
0,1631,0.00,0.00,52.81
0,1632,0.00,0.00,53.49
0,1633,0.00,0.00,52.80
0,1634,0.00,0.00,63.80
0,1635,0.00,0.00,52.75
0,1636,0.00,0.00,52.67
0,1637,0.00,0.00,53.65
0,1638,0.00,0.00,53.29
0,1639,0.00,0.00,53.47
0,1640,0.00,0.00,54.33
0,1641,0.00,0.00,52.18
0,1642,0.00,0.00,52.79
0,1643,0.00,0.00,53.37
0,1644,0.00,0.00,52.46
0,1645,0.00,0.00,54.37
0,1646,0.00,0.00,52.93
0,1647,0.00,0.00,52.83
0,1648,0.00,0.00,54.53
0,1649,0.00,0.00,52.80
0,1650,0.00,0.00,53.23
0,1651,0.00,0.00,53.08
0,1652,0.00,0.00,53.18
0,1653,0.00,0.00,53.37
0,1654,0.00,0.00,53.40
0,1655,0.00,0.00,53.05
0,1656,0.00,0.00,54.45
0,1657,0.00,0.00,54.23
0,1658,0.00,0.00,53.86
0,1659,0.00,0.00,53.56
0,1660,0.00,0.00,54.02
0,1661,0.00,0.00,53.17
0,1662,0.00,0.00,53.39
0,1663,0.00,0.00,52.84
0,1664,0.00,0.00,53.36
0,1665,0.00,0.00,52.64
0,1666,0.00,0.00,54.96
0,1667,0.00,0.00,52.90
0,1668,0.00,0.00,62.47
0,1669,0.00,0.00,52.51
0,1670,0.00,0.00,51.94
0,1671,0.00,0.00,52.29
0,1672,0.00,0.00,4801.80
0,1673,0.00,0.00,60.55
0,1674,0.00,0.00,59.00
0,1675,0.00,0.00,58.39
0,1676,0.00,0.00,58.06
0,1677,0.00,0.00,58.20
0,1678,0.00,0.00,58.07
0,1679,0.00,0.00,71.82
0,1680,0.00,0.00,56.87
0,1681,0.00,0.00,331.39
0,1682,0.00,0.00,57.62
0,1683,0.00,0.00,56.86
0,1684,0.00,0.00,116.55
0,1685,0.00,0.00,76.89
0,1686,0.00,0.00,57.01
0,1687,0.00,0.00,56.81
0,1688,0.00,0.00,56.18
0,1689,0.00,0.00,56.32
0,1690,0.00,0.00,56.16
0,1691,0.00,0.00,54.31
0,1692,0.00,0.00,54.37
0,1693,0.00,0.00,54.58
0,1694,0.00,0.00,54.69
0,1695,0.00,0.00,55.73
0,1696,0.00,0.00,54.74
0,1697,0.00,0.00,54.58
0,1698,0.00,0.00,55.31
0,1699,0.00,0.00,56.16
0,1700,0.00,0.00,57.44
0,1701,0.00,0.00,58.89
0,1702,0.00,0.00,56.55
0,1703,0.00,0.00,56.18
0,1704,0.00,0.00,55.92
0,1705,0.00,0.00,69.47
0,1706,0.00,0.00,56.64
0,1707,0.00,0.00,56.26
0,1708,0.00,0.00,56.61
0,1709,0.00,0.00,56.80
0,1710,0.00,0.00,56.79
0,1711,0.00,0.00,56.84
0,1712,0.00,0.00,61.76
0,1713,0.00,0.00,62.12
0,1714,0.00,0.00,61.35
0,1715,0.00,0.00,61.79
0,1716,0.00,0.00,57.63
0,1717,0.00,0.00,57.75
0,1718,0.00,0.00,59.75
0,1719,0.00,0.00,60.81
0,1720,0.00,0.00,58.87
0,1721,0.00,0.00,61.36
0,1722,0.00,0.00,59.80
0,1723,0.00,0.00,61.39
0,1724,0.00,0.00,61.76
0,1725,0.00,0.00,60.18
0,1726,0.00,0.00,60.81
0,1727,0.00,0.00,62.47
0,1728,0.00,0.00,57.92
0,1729,0.00,0.00,979.19
0,1730,0.00,0.00,49.66
0,1731,0.00,0.00,61.90
0,1732,0.00,0.00,48.22
0,1733,0.00,0.00,50.38
0,1734,0.00,0.00,51.94
0,1735,0.00,0.00,50.61
0,1736,0.00,0.00,51.04
0,1737,0.00,0.00,47.94
0,1738,0.00,0.00,50.12
0,1739,0.00,0.00,48.67
0,1740,0.00,0.00,47.61
0,1741,0.00,0.00,48.18
0,1742,0.00,0.00,47.79
0,1743,0.00,0.00,47.58
0,1744,0.00,0.00,48.20
0,1745,0.00,0.00,60.30
0,1746,0.00,0.00,49.90
0,1747,0.00,0.00,49.85
0,1748,0.00,0.00,49.81
0,1749,0.00,0.00,49.87
0,1750,0.00,0.00,49.55
0,1751,0.00,0.00,49.80
0,1752,0.00,0.00,50.83
0,1753,0.00,0.00,50.42
0,1754,0.00,0.00,50.82
0,1755,0.00,0.00,50.83
0,1756,0.00,0.00,54.08
0,1757,0.00,0.00,54.83
0,1758,0.00,0.00,55.29
0,1759,0.00,0.00,54.51
0,1760,0.00,0.00,52.83
0,1761,0.00,0.00,52.29
0,1762,0.00,0.00,52.67
0,1763,0.00,0.00,53.02
0,1764,0.00,0.00,53.63
0,1765,0.00,0.00,53.65
0,1766,0.00,0.00,53.37
0,1767,0.00,0.00,53.78
0,1768,0.00,0.00,54.89
0,1769,0.00,0.00,54.57
0,1770,0.00,0.00,55.97
0,1771,0.00,0.00,55.01
0,1772,0.00,0.00,55.07
0,1773,0.00,0.00,55.85
0,1774,0.00,0.00,56.75
0,1775,0.00,0.00,56.98
0,1776,0.00,0.00,56.96
0,1777,0.00,0.00,56.83
0,1778,0.00,0.00,68.34
0,1779,0.00,0.00,56.72
0,1780,0.00,0.00,56.82
0,1781,0.00,0.00,57.25
0,1782,0.00,0.00,57.44
0,1783,0.00,0.00,57.37
0,1784,0.00,0.00,54.52
0,1785,0.00,0.00,54.58
0,1786,0.00,0.00,54.46
0,1787,0.00,0.00,58.88
0,1788,0.00,0.00,59.70
0,1789,0.00,0.00,59.76
0,1790,0.00,0.00,60.62
0,1791,0.00,0.00,55.22
0,1792,0.00,0.00,55.32
0,1793,0.00,0.00,56.21
0,1794,0.00,0.00,993.05
0,1795,0.00,0.00,55.62
0,1796,0.00,0.00,40.86
0,1797,0.00,0.00,40.67
0,1798,0.00,0.00,40.24
0,1799,0.00,0.00,40.25
0,1800,0.00,0.00,39.63
0,1801,0.00,0.00,39.31
0,1802,0.00,0.00,39.60
0,1803,0.00,0.00,39.42
0,1804,0.00,0.00,39.92
0,1805,0.00,0.00,44.08
0,1806,0.00,0.00,58.94
0,1807,0.00,0.00,43.99
0,1808,0.00,0.00,43.95
0,1809,0.00,0.00,44.73
0,1810,0.00,0.00,44.48
0,1811,0.00,0.00,44.61
0,1812,0.00,0.00,44.38
0,1813,0.00,0.00,46.11
0,1814,0.00,0.00,46.40
0,1815,0.00,0.00,46.66
0,1816,0.00,0.00,106.70
0,1817,0.00,0.00,51.88
0,1818,0.00,0.00,51.99
0,1819,0.00,0.00,51.92
0,1820,0.00,0.00,75.53
0,1821,0.00,0.00,77.47
0,1822,0.00,0.00,60.39
0,1823,0.00,0.00,71.92
0,1824,0.00,0.00,90.08
0,1825,0.00,0.00,70.40
0,1826,0.00,0.00,66.07
0,1827,0.00,0.00,52.54
0,1828,0.00,0.00,71.39
0,1829,0.00,0.00,53.17
0,1830,0.00,0.00,52.20
0,1831,0.00,0.00,52.80
0,1832,0.00,0.00,52.85
0,1833,0.00,0.00,51.76
0,1834,0.00,0.00,50.92
0,1835,0.00,0.00,51.12
0,1836,0.00,0.00,51.15
0,1837,0.00,0.00,51.78
0,1838,0.00,0.00,63.98
0,1839,0.00,0.00,176.78
0,1840,0.00,0.00,70.85
0,1841,0.00,0.00,69.70
0,1842,0.00,0.00,51.32
0,1843,0.00,0.00,81.49
0,1844,0.00,0.00,1182.11
0,1845,0.00,0.00,60.09
0,1846,0.00,0.00,48.82
0,1847,0.00,0.00,48.77
0,1848,0.00,0.00,65.96
0,1849,0.00,0.00,57.18
0,1850,0.00,0.00,57.67
0,1851,0.00,0.00,49.46
0,1852,0.00,0.00,65.51
0,1853,0.00,0.00,57.35
0,1854,0.00,0.00,49.35
0,1855,0.00,0.00,49.05
0,1856,0.00,0.00,48.97
0,1857,0.00,0.00,48.90
0,1858,0.00,0.00,65.61
0,1859,0.00,0.00,49.06
0,1860,0.00,0.00,48.46
0,1861,0.00,0.00,48.77
0,1862,0.00,0.00,75.40
0,1863,0.00,0.00,73.84
0,1864,0.00,0.00,49.02
0,1865,0.00,0.00,57.09
0,1866,0.00,0.00,224.37
0,1867,0.00,0.00,111.22
0,1868,0.00,0.00,89.61
0,1869,0.00,0.00,97.75
0,1870,0.00,0.00,45.82
0,1871,0.00,0.00,38.95
0,1872,0.00,0.00,38.96
0,1873,0.00,0.00,75.57
0,1874,0.00,0.00,47.97
0,1875,0.00,0.00,51.23
0,1876,0.00,0.00,68.67
0,1877,0.00,0.00,1694.56
0,1878,0.00,0.00,57.02
0,1879,0.00,0.00,46.54
0,1880,0.00,0.00,965.21
0,1881,0.00,0.00,83.40
0,1882,0.00,0.00,60.74
0,1883,0.00,0.00,47.28
0,1884,0.00,0.00,69.71
0,1885,0.00,0.00,97.26
0,1886,0.00,0.00,43.17
0,1887,0.00,0.00,42.42
0,1888,0.00,0.00,55.11
0,1889,0.00,0.00,56.26
0,1890,0.00,0.00,41.75
0,1891,0.00,0.00,41.74
0,1892,0.00,0.00,41.81
0,1893,0.00,0.00,41.88
0,1894,0.00,0.00,60.31
0,1895,0.00,0.00,51.16
0,1896,0.00,0.00,74.98
0,1897,0.00,0.00,47.89
0,1898,0.00,0.00,57.37
0,1899,0.00,0.00,56.85
0,1900,0.00,0.00,46.60
0,1901,0.00,0.00,68.16
0,1902,0.00,0.00,64.22
0,1903,0.00,0.00,59.83
0,1904,0.00,0.00,71.83
0,1905,0.00,0.00,49.16
0,1906,0.00,0.00,41.47
0,1907,0.00,0.00,41.11
0,1908,0.00,0.00,55.60
0,1909,0.00,0.00,42.25
0,1910,0.00,0.00,66.07
0,1911,0.00,0.00,43.87
0,1912,0.00,0.00,66.85
0,1913,0.00,0.00,52.95
0,1914,0.00,0.00,58.06
0,1915,0.00,0.00,61.26
0,1916,0.00,0.00,51.97
0,1917,0.00,0.00,70.72
0,1918,0.00,0.00,48.25
0,1919,0.00,0.00,80.95
0,1920,0.00,0.00,56.39
0,1921,0.00,0.00,47.27
0,1922,0.00,0.00,74.73
0,1923,0.00,0.00,55.72
0,1924,0.00,0.00,55.18
0,1925,0.00,0.00,62.43
0,1926,0.00,0.00,55.00
0,1927,0.00,0.00,83.10
0,1928,0.00,0.00,47.18
0,1929,0.00,0.00,53.85
0,1930,0.00,0.00,74.18
0,1931,0.00,0.00,55.65
0,1932,0.00,0.00,45.95
0,1933,0.00,0.00,64.86
0,1934,0.00,0.00,57.70
0,1935,0.00,0.00,58.13
0,1936,0.00,0.00,47.95
0,1937,0.00,0.00,78.89
0,1938,0.00,0.00,73.10
0,1939,0.00,0.00,56.82
0,1940,0.00,0.00,57.00
0,1941,0.00,0.00,65.18
0,1942,0.00,0.00,57.15
0,1943,0.00,0.00,79.31
0,1944,0.00,0.00,84.37
0,1945,0.00,0.00,57.52
0,1946,0.00,0.00,57.36
0,1947,0.00,0.00,49.04
0,1948,0.00,0.00,56.82
0,1949,0.00,0.00,63.20
0,1950,0.00,0.00,84.31
0,1951,0.00,0.00,63.40
0,1952,0.00,0.00,56.49
0,1953,0.00,0.00,61.39
0,1954,0.00,0.00,60.83
0,1955,0.00,0.00,75.65
0,1956,0.00,0.00,75.33
0,1957,0.00,0.00,53.50
0,1958,0.00,0.00,46.12
0,1959,0.00,0.00,45.42
0,1960,0.00,0.00,45.35
0,1961,0.00,0.00,45.83
0,1962,0.00,0.00,45.82
0,1963,0.00,0.00,45.80
0,1964,0.00,0.00,45.30
0,1965,0.00,0.00,45.76
0,1966,0.00,0.00,55.44
0,1967,0.00,0.00,63.16
0,1968,0.00,0.00,46.69
0,1969,0.00,0.00,54.29
0,1970,0.00,0.00,54.91
0,1971,0.00,0.00,45.63
0,1972,0.00,0.00,44.87
0,1973,0.00,0.00,62.48
0,1974,0.00,0.00,54.58
0,1975,0.00,0.00,53.62
0,1976,0.00,0.00,53.48
0,1977,0.00,0.00,45.45
0,1978,0.00,0.00,44.36
0,1979,0.00,0.00,44.63
0,1980,0.00,0.00,45.41
0,1981,0.00,0.00,44.86
0,1982,0.00,0.00,44.34
0,1983,0.00,0.00,44.67
0,1984,0.00,0.00,44.88
0,1985,0.00,0.00,44.39
0,1986,0.00,0.00,44.39
0,1987,0.00,0.00,56.32
0,1988,0.00,0.00,44.69
0,1989,0.00,0.00,63.46
0,1990,0.00,0.00,44.80
0,1991,0.00,0.00,58.54
0,1992,0.00,0.00,44.07
0,1993,0.00,0.00,43.13
0,1994,0.00,0.00,51.76
0,1995,0.00,0.00,53.32
0,1996,0.00,0.00,43.81
0,1997,0.00,0.00,43.87
0,1998,0.00,0.00,65.27
0,1999,0.00,0.00,44.26
65536,0,0.03,15.18,53.65
65536,1,0.02,15.22,52.34
65536,2,0.02,15.24,71.52
65536,3,0.03,15.19,52.99
65536,4,0.02,15.17,55.27
65536,5,0.02,15.89,53.80
65536,6,0.02,15.26,52.00
65536,7,0.02,14.88,52.07
65536,8,0.02,14.84,53.62
65536,9,0.02,14.73,53.63
65536,10,0.02,14.89,52.45
65536,11,0.02,14.74,52.15
65536,12,0.02,14.61,52.65
65536,13,0.02,14.60,51.67
65536,14,0.02,14.66,52.50
65536,15,0.02,14.87,64.61
65536,16,0.03,14.67,51.92
65536,17,0.03,14.66,50.72
65536,18,0.03,14.43,50.65
65536,19,0.03,14.59,53.89
65536,20,0.03,17.53,51.21
65536,21,0.02,14.39,49.94
65536,22,0.02,30.79,51.23
65536,23,0.03,14.43,50.00
65536,24,0.02,14.00,49.10
65536,25,0.02,14.03,48.83
65536,26,0.12,14.03,49.83
65536,27,0.03,14.47,50.56
65536,28,0.02,15.08,49.87
65536,29,0.02,26.14,50.61
65536,30,0.03,14.25,49.86
65536,31,0.03,14.22,50.08
65536,32,0.03,14.05,52.83
65536,33,0.03,15.16,53.17
65536,34,0.02,14.99,54.35
65536,35,0.03,14.99,53.87
65536,36,0.03,14.93,52.44
65536,37,0.02,14.92,56.51
65536,38,0.02,14.53,52.47
65536,39,0.02,14.48,50.86
65536,40,0.02,14.30,52.42
65536,41,0.02,15.23,55.29
65536,42,0.02,15.54,66.40
65536,43,0.03,15.38,54.11
65536,44,0.03,15.53,54.40
65536,45,0.03,15.38,53.79
65536,46,0.03,15.00,50.65
65536,47,0.02,14.45,51.02
65536,48,0.02,14.63,51.23
65536,49,0.02,23.90,55.35
65536,50,0.03,19.69,54.50
65536,51,0.03,15.82,53.39
65536,52,0.03,14.74,51.41
65536,53,0.03,14.64,51.91
65536,54,0.03,14.51,62.90
65536,55,0.03,14.89,797.32
65536,56,0.04,22.20,58.17
65536,57,0.03,14.21,58.32
65536,58,0.03,14.17,48.60
65536,59,0.02,14.03,58.47
65536,60,0.03,14.11,48.73
65536,61,0.03,14.02,48.78
65536,62,0.02,37.56,74.48
65536,63,0.03,13.43,55.69
65536,64,0.03,20.84,55.81
65536,65,0.03,140.56,78.49
65536,66,0.08,12.52,44.21
65536,67,0.02,12.25,43.27
65536,68,0.02,12.21,609.67
65536,69,0.06,12.19,52.06
65536,70,0.02,12.00,49.85
65536,71,0.02,12.17,74.55
65536,72,0.06,11.95,74.48
65536,73,0.02,11.91,56.09
65536,74,0.05,11.65,155.93
65536,75,0.02,135.10,454.98
65536,76,0.07,14.69,46.55
65536,77,0.02,12.77,45.34
65536,78,0.02,12.71,44.67
65536,79,0.02,12.69,44.50
65536,80,0.02,12.62,45.11
65536,81,0.02,12.48,43.33
65536,82,0.02,14.22,51.05
65536,83,0.03,12.76,44.66
65536,84,0.02,12.71,44.84
65536,85,0.02,12.60,44.72
65536,86,0.02,12.99,57.52
65536,87,0.03,13.24,46.83
65536,88,0.02,13.12,45.82
65536,89,0.02,13.50,49.71
65536,90,0.02,14.19,49.80
65536,91,0.02,14.15,50.25
65536,92,0.02,14.34,52.48
65536,93,0.03,14.47,51.25
65536,94,0.02,14.48,50.70
65536,95,0.02,15.28,54.28
65536,96,0.02,15.27,53.61
65536,97,0.02,15.21,54.94
65536,98,0.02,14.79,52.18
65536,99,0.02,14.93,52.81
65536,100,0.02,14.83,65.35
65536,101,0.04,16.82,58.77
65536,102,0.03,16.63,58.56
65536,103,0.04,16.51,56.52
65536,104,0.03,16.06,56.42
65536,105,0.03,15.98,57.09
65536,106,0.03,19.14,1106.74
65536,107,0.06,11.34,49.69
65536,108,0.02,11.34,39.15
65536,109,0.02,21.94,63.05
65536,110,0.02,11.36,60.07
65536,111,0.03,18.94,73.15
65536,112,0.03,11.95,60.55
65536,113,0.03,19.78,53.07
65536,114,0.03,12.53,51.16
65536,115,0.03,12.56,52.17
65536,116,0.03,12.74,52.07
65536,117,0.03,20.16,60.14
65536,118,0.03,19.98,119.10
65536,119,0.03,13.14,107.74
65536,120,0.07,13.60,47.29
65536,121,0.02,13.26,46.88
65536,122,0.02,23.78,154.04
65536,123,0.05,24.58,156.83
65536,124,0.04,222.43,41.87
65536,125,0.02,11.80,40.77
65536,126,0.02,11.69,40.74
65536,127,0.02,11.67,40.84
65536,128,0.02,11.79,41.40
65536,129,0.02,13.21,40.89
65536,130,0.02,12.18,53.67
65536,131,0.02,11.77,40.76
65536,132,0.02,11.66,40.72
65536,133,0.02,11.67,40.78
65536,134,0.02,11.61,42.34
65536,135,0.02,11.77,40.88
65536,136,0.02,11.73,41.11
65536,137,0.02,11.60,41.88
65536,138,0.02,12.22,43.41
65536,139,0.02,12.01,42.10
65536,140,0.02,12.33,42.41
65536,141,0.02,12.00,43.30
65536,142,0.02,12.26,1060.23
65536,143,0.06,11.81,42.11
65536,144,0.02,11.51,40.96
65536,145,0.02,11.44,69.49
65536,146,0.08,11.37,41.02
65536,147,0.02,10.98,39.07
65536,148,0.02,10.80,38.31
65536,149,0.02,19.30,38.56
65536,150,0.02,10.81,37.87
65536,151,0.02,12.20,42.03
65536,152,0.02,12.15,43.67
65536,153,0.02,12.15,43.12
65536,154,0.02,12.15,42.78
65536,155,0.02,12.24,43.95
65536,156,0.03,12.40,53.27
65536,157,0.02,12.44,43.91
65536,158,0.02,12.83,54.43
65536,159,0.03,22.03,54.41
65536,160,0.02,12.92,55.40
65536,161,0.03,28.72,68.32
65536,162,0.03,13.48,64.79
65536,163,0.03,23.32,57.02
65536,164,0.03,14.20,90.01
65536,165,0.03,30.53,64.35
65536,166,0.03,19.82,76.64
65536,167,0.03,26.50,103.06
65536,168,0.03,42.83,79.35
65536,169,0.03,29.28,72.85
65536,170,0.03,14.05,49.20
65536,171,0.02,36.04,50.13
65536,172,0.03,14.22,58.90
65536,173,0.03,14.25,82.57
65536,174,0.07,14.12,47.04
65536,175,0.02,12.79,45.15
65536,176,0.02,12.75,50.39
65536,177,0.03,12.72,44.86
65536,178,0.02,12.67,44.48
65536,179,0.02,12.60,52.43
65536,180,0.03,12.80,44.67
65536,181,0.02,12.71,44.33
65536,182,0.02,12.77,45.10
65536,183,0.02,13.06,46.39
65536,184,0.02,13.11,45.69
65536,185,0.02,13.11,45.20
65536,186,0.02,12.85,44.30
65536,187,0.02,12.70,45.26
65536,188,0.02,12.68,45.10
65536,189,0.02,12.71,50.70
65536,190,0.02,16.93,51.57
65536,191,0.02,14.51,50.90
65536,192,0.02,14.33,52.68
65536,193,0.02,14.96,51.70
65536,194,0.02,14.59,51.56
65536,195,0.10,15.10,55.94
65536,196,0.02,15.55,54.82
65536,197,0.02,15.56,55.11
65536,198,0.02,15.96,57.00
65536,199,0.02,16.08,57.19
65536,200,0.02,16.07,54.74
65536,201,0.02,14.96,52.77
65536,202,0.02,14.99,52.59
65536,203,0.02,14.99,68.02
65536,204,0.03,17.80,57.40
65536,205,0.03,16.55,57.30
65536,206,0.03,17.83,63.18
65536,207,0.03,17.85,64.41
65536,208,0.03,17.83,62.18
65536,209,0.03,17.23,60.78
65536,210,0.03,17.10,63.11
65536,211,0.04,17.25,60.84
65536,212,0.02,17.61,61.02
65536,213,0.02,17.50,65.33
65536,214,0.03,18.55,72.13
65536,215,0.03,18.81,83.32
65536,216,0.04,19.98,63.94
65536,217,0.03,18.24,76.04
65536,218,0.03,18.33,64.62
65536,219,0.03,18.46,64.94
65536,220,0.03,18.63,64.96
65536,221,0.03,18.65,65.77
65536,222,0.03,17.70,60.37
65536,223,0.03,17.30,62.25
65536,224,0.04,17.40,65.06
65536,225,0.03,18.40,75.49
65536,226,0.04,18.67,64.71
65536,227,0.03,18.58,2438.53
65536,228,0.24,107.10,278.70
65536,229,0.03,11.44,99.22
65536,230,0.05,11.97,200.78
65536,231,0.02,12.04,222.35
65536,232,0.10,11.73,99.70
65536,233,0.03,11.53,40.32
65536,234,0.02,11.37,40.02
65536,235,0.02,18.70,47.25
65536,236,0.02,11.42,39.46
65536,237,0.02,11.69,40.87
65536,238,0.02,11.78,41.14
65536,239,0.02,11.75,40.67
65536,240,0.02,11.74,41.14
65536,241,0.02,12.06,44.91
65536,242,0.02,12.86,44.53
65536,243,0.02,12.85,966.96
65536,244,0.03,13.94,58.77
65536,245,0.03,13.55,47.30
65536,246,0.03,13.52,108.65
65536,247,0.05,11.42,39.24
65536,248,0.02,11.26,65.14
65536,249,0.03,12.16,201.91
65536,250,0.07,11.49,40.73
65536,251,0.02,11.18,47.47
65536,252,0.03,11.91,50.82
65536,253,0.02,11.87,66.92
65536,254,0.06,11.11,46.08
65536,255,0.02,10.68,123.04
65536,256,0.02,10.70,50.16
65536,257,0.02,10.64,72.06
65536,258,0.07,28.48,70.70
65536,259,0.05,10.81,37.66
65536,260,0.02,10.71,1299.92
65536,261,0.06,12.15,44.70
65536,262,0.02,11.86,42.00
65536,263,0.02,11.78,41.45
65536,264,0.02,11.98,41.64
65536,265,0.02,21.96,42.03
65536,266,0.02,11.82,42.37
65536,267,0.02,47.09,122.04
65536,268,0.09,22.37,77.70
65536,269,0.02,11.37,39.55
65536,270,0.02,11.22,39.13
65536,271,0.02,11.35,56.85
65536,272,0.02,11.26,39.08
65536,273,0.02,11.21,39.29
65536,274,0.02,11.84,42.22
65536,275,0.02,12.10,42.48
65536,276,0.02,12.06,42.32
65536,277,0.02,12.04,44.39
65536,278,0.02,12.82,44.85
65536,279,0.02,12.82,44.94
65536,280,0.02,12.74,45.07
65536,281,0.02,13.01,46.43
65536,282,0.02,13.51,48.67
65536,283,0.02,13.22,46.95
65536,284,0.02,13.71,61.73
65536,285,0.02,15.70,47.60
65536,286,0.02,12.93,45.37
65536,287,0.02,13.01,53.86
65536,288,0.03,15.25,53.22
65536,289,0.03,15.22,54.29
65536,290,0.02,14.86,52.23
65536,291,0.03,15.01,52.84
65536,292,0.03,14.82,52.28
65536,293,0.02,15.88,56.68
65536,294,0.03,304.92,77.08
65536,295,0.03,11.58,69.32
65536,296,0.07,11.47,40.22
65536,297,0.02,47.90,112.56
65536,298,0.02,44.48,65.08
65536,299,0.02,10.98,46.04
65536,300,0.02,10.89,38.13
65536,301,0.02,18.70,58.97
65536,302,0.02,11.22,54.50
65536,303,0.02,16.29,38.88
65536,304,0.02,11.17,48.48
65536,305,0.02,20.15,54.38
65536,306,0.02,26.22,49.97
65536,307,0.03,12.49,43.55
65536,308,0.02,12.43,43.82
65536,309,0.02,12.37,43.72
65536,310,0.02,12.38,44.70
65536,311,0.02,12.38,43.27
65536,312,0.02,12.37,43.03
65536,313,0.02,12.40,45.35
65536,314,0.03,12.88,45.24
65536,315,0.02,12.76,54.07
65536,316,0.03,12.93,47.56
65536,317,0.03,14.01,48.79
65536,318,0.03,13.93,49.54
65536,319,0.02,13.87,49.74
65536,320,0.02,14.38,52.55
65536,321,0.02,14.46,50.69
65536,322,0.02,16.38,50.93
65536,323,0.02,14.51,51.54
65536,324,0.02,14.45,50.67
65536,325,0.02,14.43,51.69
65536,326,0.02,14.27,49.64
65536,327,0.02,14.18,50.19
65536,328,0.03,14.27,49.60
65536,329,0.02,13.90,48.98
65536,330,0.03,14.09,49.09
65536,331,0.02,13.95,49.05
65536,332,0.03,14.06,49.05
65536,333,0.02,13.98,49.40
65536,334,0.02,13.94,50.38
65536,335,0.02,14.50,51.66
65536,336,0.03,14.67,63.90
65536,337,0.03,16.23,60.29
65536,338,0.03,14.31,60.04
65536,339,8.65,14.21,59.66
65536,340,0.03,22.63,56.86
65536,341,0.03,13.45,56.38
65536,342,0.03,13.59,75.07
65536,343,0.03,14.47,68.78
65536,344,0.03,14.22,59.01
65536,345,0.03,22.66,58.61
65536,346,0.03,14.17,57.91
65536,347,0.03,14.03,47.08
65536,348,0.03,13.47,47.09
65536,349,0.02,13.78,47.80
65536,350,0.02,13.37,49.63
65536,351,0.02,13.40,46.88
65536,352,0.02,13.57,48.67
65536,353,0.02,13.48,47.64
65536,354,0.03,13.40,48.19
65536,355,0.02,13.44,47.62
65536,356,0.02,13.59,47.48
65536,357,0.02,13.38,47.49
65536,358,0.14,13.41,47.54
65536,359,0.02,13.44,47.34
65536,360,0.02,13.50,47.43
65536,361,0.03,13.47,47.85
65536,362,0.02,13.33,51.27
65536,363,0.02,24.19,47.19
65536,364,0.02,13.30,55.27
65536,365,0.03,15.76,55.23
65536,366,0.02,21.77,71.72
65536,367,0.03,13.36,46.08
65536,368,0.03,28.14,46.29
65536,369,0.02,13.10,58.94
65536,370,0.03,13.14,68.19
65536,371,0.03,13.30,61.84
65536,372,0.03,13.23,81.68
65536,373,0.03,13.23,82.47
65536,374,0.03,26.14,95.00
65536,375,0.03,19.65,120.04
65536,376,0.03,14.97,52.83
65536,377,0.03,13.27,62.03
65536,378,0.03,13.14,80.85
65536,379,0.03,12.83,76.78
65536,380,0.03,13.02,54.43
65536,381,0.03,12.84,66.73
65536,382,0.03,12.84,85.99
65536,383,0.03,26.24,51.80
65536,384,0.02,18.73,67.25
65536,385,0.03,12.82,84.58
65536,386,0.03,21.04,58.76
65536,387,0.03,28.20,65.96
65536,388,0.02,12.55,52.27
65536,389,0.02,20.59,43.92
65536,390,0.02,20.75,70.83
65536,391,0.02,12.93,52.29
65536,392,0.03,27.10,63.82
65536,393,0.02,12.51,71.74
65536,394,0.02,12.63,72.69
65536,395,0.02,12.89,52.28
65536,396,0.02,18.36,58.37
65536,397,0.02,18.70,76.11
65536,398,0.03,12.64,66.04
65536,399,0.02,12.67,73.24
65536,400,0.02,22.78,43.13
65536,401,0.02,12.35,42.65
65536,402,0.02,12.49,42.64
65536,403,0.02,12.18,52.55
65536,404,0.02,12.26,51.74
65536,405,0.02,12.30,42.61
65536,406,0.02,12.19,43.25
65536,407,0.02,12.30,50.53
65536,408,0.02,12.25,71.80
65536,409,0.02,12.31,42.59
65536,410,0.02,12.13,42.82
65536,411,0.02,12.12,42.48
65536,412,0.02,12.41,42.51
65536,413,0.02,19.73,46.69
65536,414,0.02,12.09,41.73
65536,415,0.02,11.92,42.62
65536,416,0.02,14.42,43.90
65536,417,0.02,12.84,42.38
65536,418,0.02,12.06,59.97
65536,419,0.02,21.15,43.41
65536,420,0.02,12.41,42.79
65536,421,0.02,20.48,43.60
65536,422,0.02,21.05,42.99
65536,423,0.03,12.36,42.72
65536,424,0.02,12.26,42.72
65536,425,0.02,12.13,44.05
65536,426,0.02,13.12,46.40
65536,427,0.02,13.08,706.46
65536,428,0.18,12.37,43.76
65536,429,0.02,14.28,41.90
65536,430,0.02,11.70,41.07
65536,431,0.02,11.76,41.12
65536,432,0.02,11.68,40.81
65536,433,0.02,11.63,40.80
65536,434,0.02,11.62,41.13
65536,435,0.02,11.47,58.40
65536,436,0.02,11.70,40.68
65536,437,0.02,11.60,40.52
65536,438,0.02,11.61,42.11
65536,439,0.02,12.04,41.92
65536,440,0.02,12.01,42.32
65536,441,0.02,11.99,43.09
65536,442,0.02,12.83,45.65
65536,443,0.02,12.86,57.78
65536,444,0.03,13.10,45.28
65536,445,0.02,13.37,46.70
65536,446,0.02,16.36,48.43
65536,447,0.02,13.41,47.34
65536,448,0.02,13.29,48.49
65536,449,0.02,13.91,48.26
65536,450,0.02,13.91,48.29
65536,451,0.02,13.86,50.43
65536,452,0.02,14.53,50.50
65536,453,0.02,14.59,50.13
65536,454,0.02,14.61,51.46
65536,455,0.02,14.73,50.98
65536,456,0.02,14.54,50.59
65536,457,0.02,14.33,50.96
65536,458,0.03,14.90,51.87
65536,459,0.03,14.87,51.62
65536,460,0.02,15.19,55.15
65536,461,0.02,15.99,53.97
65536,462,0.02,15.26,56.09
65536,463,0.02,15.74,55.07
65536,464,0.02,28.87,55.25
65536,465,0.03,15.79,51.38
65536,466,0.03,14.51,51.21
65536,467,0.03,15.22,58.51
65536,468,0.03,15.30,55.33
65536,469,0.03,15.69,54.54
65536,470,0.03,15.80,55.02
65536,471,0.02,15.74,68.05
65536,472,0.02,15.88,70.78
65536,473,0.03,16.07,67.51
65536,474,0.09,12.69,64.53
65536,475,0.03,12.41,43.73
65536,476,0.02,12.28,79.39
65536,477,0.03,12.61,44.15
65536,478,0.02,12.25,42.90
65536,479,0.02,12.17,43.40
65536,480,0.02,12.21,42.85
65536,481,0.02,12.12,43.31
65536,482,0.02,12.72,45.34
65536,483,0.02,12.65,44.63
65536,484,0.03,12.77,45.66
65536,485,0.02,13.17,45.38
65536,486,0.02,12.98,47.95
65536,487,0.02,14.05,49.26
65536,488,0.02,13.93,49.86
65536,489,0.02,14.09,51.21
65536,490,0.02,29.58,201.06
65536,491,0.04,21.05,113.00
65536,492,0.07,11.11,236.12
65536,493,0.04,18.98,220.61
65536,494,0.07,22.58,234.00
65536,495,0.05,10.79,49.71
65536,496,0.02,76.64,69.67
65536,497,7.05,11.03,38.47
65536,498,0.02,10.95,38.07
65536,499,0.02,34.65,138.83
65536,500,0.02,11.85,49.65
65536,501,0.02,18.69,47.37
65536,502,0.02,18.59,76.24
65536,503,0.02,11.38,65.54
65536,504,0.02,58.12,61.36
65536,505,0.03,19.44,179.35
65536,506,0.04,25.75,111.67
65536,507,0.03,38.74,121.85
65536,508,0.03,29.39,144.17
65536,509,0.08,311.96,85.80
65536,510,0.08,15.72,51.14
65536,511,0.02,13.89,47.89
65536,512,0.02,13.76,73.46
65536,513,0.07,168.30,42.61
65536,514,0.02,11.52,83.00
65536,515,0.07,11.89,74.44
65536,516,0.03,144.07,93.33
65536,517,0.02,227.70,44.65
65536,518,0.02,69.05,207.38
65536,519,0.02,64.80,143.56
65536,520,0.06,74.23,422.06
65536,521,0.07,11.82,40.39
65536,522,0.02,11.40,39.78
65536,523,0.02,11.38,40.13
65536,524,0.02,11.47,39.92
65536,525,0.02,11.42,40.11
65536,526,0.02,11.42,43.97
65536,527,0.02,12.89,46.06
65536,528,0.02,12.85,45.61
65536,529,0.02,13.01,44.86
65536,530,0.02,12.94,45.90
65536,531,0.02,13.10,45.59
65536,532,0.02,13.05,45.57
65536,533,0.02,13.12,47.85
65536,534,0.03,13.65,47.72
65536,535,0.03,13.68,47.80
65536,536,0.02,13.64,48.80
65536,537,0.02,14.24,50.86
65536,538,0.02,14.34,50.49
65536,539,0.03,14.58,51.48
65536,540,0.02,14.34,52.08
65536,541,0.02,15.62,73.31
65536,542,0.03,15.67,54.51
65536,543,0.03,15.47,54.17
65536,544,0.03,15.52,52.76
65536,545,0.03,15.46,67.66
65536,546,0.21,16.47,57.93
65536,547,0.02,16.54,68.89
65536,548,0.03,15.33,53.79
65536,549,0.02,15.00,53.31
65536,550,0.02,15.45,55.90
65536,551,0.02,17.00,60.78
65536,552,0.02,16.67,59.15
65536,553,0.03,16.79,54.52
65536,554,0.03,15.25,54.82
65536,555,0.09,15.76,56.52
65536,556,0.03,16.89,61.75
65536,557,0.03,17.61,62.96
65536,558,0.03,17.72,60.59
65536,559,0.02,16.50,61.93
65536,560,0.02,17.02,58.05
65536,561,0.02,16.30,56.18
65536,562,0.02,15.90,56.17
65536,563,0.02,15.90,66.45
65536,564,0.03,15.92,56.01
65536,565,0.03,15.70,54.94
65536,566,0.03,15.91,55.62
65536,567,0.03,15.69,54.65
65536,568,0.03,15.68,55.65
65536,569,0.03,15.55,57.75
65536,570,0.03,16.73,59.29
65536,571,0.02,16.84,69.38
65536,572,0.03,16.96,58.31
65536,573,0.03,16.63,58.30
65536,574,0.03,16.76,56.72
65536,575,0.02,15.75,55.66
65536,576,0.03,15.66,55.20
65536,577,0.02,15.77,59.82
65536,578,0.03,18.56,59.54
65536,579,0.02,16.95,59.20
65536,580,0.02,16.07,56.64
65536,581,0.02,16.03,57.33
65536,582,0.02,16.10,56.67
65536,583,0.02,16.15,56.59
65536,584,0.02,16.09,60.26
65536,585,0.03,16.31,57.07
65536,586,0.02,16.10,56.55
65536,587,0.02,16.05,57.77
65536,588,0.03,16.92,59.69
65536,589,0.02,17.00,59.54
65536,590,0.03,17.51,60.40
65536,591,0.03,18.33,59.52
65536,592,0.03,16.83,72.22
65536,593,0.03,17.32,61.23
65536,594,0.03,21.48,61.46
65536,595,0.03,16.50,56.87
65536,596,0.02,16.37,57.31
65536,597,0.02,16.36,56.90
65536,598,0.08,18.81,63.76
65536,599,0.03,16.37,56.64
65536,600,0.03,16.30,57.54
65536,601,0.02,16.31,56.55
65536,602,0.03,16.25,56.68
65536,603,0.02,16.22,57.14
65536,604,0.02,16.99,58.47
65536,605,0.03,16.16,57.49
65536,606,0.03,17.15,61.16
65536,607,0.02,17.49,61.31
65536,608,0.03,17.11,60.77
65536,609,0.02,17.13,60.57
65536,610,0.03,800.18,51.06
65536,611,0.03,13.01,75.94
65536,612,0.12,11.86,78.03
65536,613,0.02,11.35,115.80
65536,614,0.02,23.62,140.98
65536,615,0.10,17.24,58.58
65536,616,0.02,15.32,52.90
65536,617,0.02,13.79,583.68
65536,618,0.07,24.16,54.62
65536,619,0.04,33.75,68.38
65536,620,0.03,20.98,1099.83
65536,621,0.07,14.89,52.97
65536,622,0.02,14.55,50.96
65536,623,0.02,14.55,50.86
65536,624,0.02,14.17,48.84
65536,625,0.02,14.07,51.16
65536,626,0.02,14.11,49.82
65536,627,0.02,14.32,49.16
65536,628,0.02,14.04,48.51
65536,629,0.02,14.05,62.28
65536,630,0.03,14.18,49.19
65536,631,0.02,14.04,84.16
65536,632,0.10,18.74,68.52
65536,633,0.02,21.55,85.98
65536,634,0.02,23.80,51.22
65536,635,0.02,10.89,64.58
65536,636,0.02,10.90,53.93
65536,637,0.02,54.01,62.60
65536,638,0.03,16.98,54.45
65536,639,0.02,45.99,77.51
65536,640,0.09,13.05,59.58
65536,641,0.03,12.74,45.36
65536,642,0.02,12.63,45.08
65536,643,0.02,12.73,44.66
65536,644,0.02,12.69,44.87
65536,645,0.02,12.67,81.69
65536,646,0.05,83.50,57.24
65536,647,0.03,13.96,47.31
65536,648,0.02,13.45,46.65
65536,649,0.02,13.42,48.03
65536,650,0.02,13.44,46.70
65536,651,0.02,15.56,47.26
65536,652,0.02,13.91,46.98
65536,653,0.03,13.47,47.64
65536,654,0.03,13.36,47.22
65536,655,0.02,13.58,57.79
65536,656,0.03,13.50,56.54
65536,657,0.08,19.89,51.04
65536,658,0.02,28.84,937.41
65536,659,0.03,13.29,45.79
65536,660,0.03,13.12,45.31
65536,661,0.02,13.13,53.89
65536,662,0.03,13.23,45.84
65536,663,0.03,13.26,45.67
65536,664,0.02,13.02,46.58
65536,665,0.02,13.05,45.74
65536,666,0.02,12.72,45.03
65536,667,0.02,12.73,45.52
65536,668,0.02,12.71,44.76
65536,669,0.02,12.78,44.93
65536,670,0.02,12.73,53.39
65536,671,0.03,12.82,44.32
65536,672,0.02,12.84,44.22
65536,673,0.03,12.84,44.89
65536,674,0.02,175.66,56.04
65536,675,0.03,12.86,73.99
65536,676,0.03,12.88,52.61
65536,677,0.02,15.42,44.29
65536,678,0.02,12.45,51.55
65536,679,0.02,20.17,44.11
65536,680,0.02,12.53,43.64
65536,681,0.02,13.06,45.52
65536,682,0.02,13.07,45.39
65536,683,0.03,13.01,45.99
65536,684,0.02,13.12,46.52
65536,685,0.03,13.27,46.38
65536,686,0.02,13.30,46.55
65536,687,0.02,13.71,46.44
65536,688,0.02,12.87,44.93
65536,689,0.02,13.08,45.29
65536,690,0.02,12.82,46.95
65536,691,0.02,14.02,49.75
65536,692,0.02,14.18,49.34
65536,693,0.02,16.94,49.10
65536,694,0.02,15.54,53.98
65536,695,0.02,15.38,53.89
65536,696,0.03,15.40,65.75
65536,697,0.03,15.61,54.05
65536,698,0.03,15.50,54.33
65536,699,0.03,15.66,56.90
65536,700,0.03,16.20,57.97
65536,701,0.02,16.23,224.46
65536,702,0.06,14.68,46.35
65536,703,0.02,12.65,54.03
65536,704,0.02,227.85,67.96
65536,705,0.02,49.00,65.06
65536,706,0.05,12.05,42.51
65536,707,0.02,11.90,94.36
65536,708,0.08,18.54,64.27
65536,709,0.02,17.30,82.95
65536,710,0.03,17.32,60.10
65536,711,0.04,17.09,60.59
65536,712,0.02,17.47,61.61
65536,713,0.03,17.27,65.40
65536,714,0.03,18.50,79.07
65536,715,0.04,18.65,64.74
65536,716,0.04,18.60,64.66
65536,717,0.03,18.49,64.54
65536,718,0.04,17.66,60.81
65536,719,0.11,17.36,60.09
65536,720,0.03,17.34,61.18
65536,721,0.03,17.81,61.74
65536,722,0.03,17.56,62.79
65536,723,0.03,17.56,62.19
65536,724,0.02,18.11,60.86
65536,725,0.03,17.56,61.69
65536,726,0.03,17.20,61.05
65536,727,0.02,17.22,61.52
65536,728,0.03,17.45,61.24
65536,729,0.03,17.21,59.76
65536,730,0.03,17.29,62.14
65536,731,0.02,17.02,59.65
65536,732,0.03,16.93,59.98
65536,733,0.03,16.91,59.88
65536,734,0.03,17.12,61.30
65536,735,0.02,16.95,61.17
65536,736,0.02,17.07,60.91
65536,737,0.02,17.21,69.92
65536,738,0.03,16.90,57.99
65536,739,0.03,16.71,57.97
65536,740,0.03,17.11,58.07
65536,741,0.03,16.49,58.40
65536,742,0.03,16.36,56.00
65536,743,0.03,16.40,56.21
65536,744,0.12,16.26,58.06
65536,745,0.02,16.57,58.35
65536,746,0.03,16.71,59.45
65536,747,0.02,16.58,57.85
65536,748,0.02,16.36,57.28
65536,749,0.03,16.32,56.05
65536,750,0.02,410.18,71.01
65536,751,0.03,20.96,127.67
65536,752,0.10,11.21,87.09
65536,753,0.02,11.66,151.01
65536,754,0.02,12.22,43.05
65536,755,0.02,12.10,43.84
65536,756,0.02,12.09,42.44
65536,757,0.02,12.06,88.16
65536,758,0.03,12.92,57.20
65536,759,0.03,12.96,107.17
65536,760,0.03,50.35,137.49
65536,761,0.03,49.66,135.82
65536,762,0.02,186.75,46.96
65536,763,0.02,13.01,104.20
65536,764,0.07,12.68,44.18
65536,765,0.02,12.24,43.06
65536,766,0.02,12.25,40.02
65536,767,0.02,11.23,39.35
65536,768,0.02,11.24,39.25
65536,769,0.02,11.33,41.13
65536,770,0.02,11.92,41.51
65536,771,0.02,11.89,41.24
65536,772,0.02,11.82,93.70
65536,773,0.05,81.14,44.97
65536,774,0.02,12.46,379.68
65536,775,0.05,13.48,1434.39
65536,776,0.07,11.33,65.14
65536,777,0.02,17.38,46.99
65536,778,0.02,10.92,38.16
65536,779,0.02,10.75,38.09
65536,780,0.02,38.69,54.49
65536,781,0.02,11.94,49.14
65536,782,0.02,47.77,51.51
65536,783,0.02,21.54,53.69
65536,784,0.03,24.10,44.85
65536,785,0.03,12.83,71.65
65536,786,0.02,12.86,101.11
65536,787,0.02,13.40,94.18
65536,788,0.03,20.92,70.42
65536,789,0.03,104.62,54.70
65536,790,0.03,21.20,63.14
65536,791,0.03,26.85,70.44
65536,792,0.03,13.33,70.50
65536,793,0.03,23.58,89.66
65536,794,0.02,13.03,63.39
65536,795,0.03,32.54,77.75
65536,796,0.03,30.12,115.80
65536,797,0.03,32.96,76.40
65536,798,0.07,16.98,54.02
65536,799,0.03,14.96,51.87
65536,800,0.03,14.65,51.51
65536,801,0.03,14.81,51.61
65536,802,0.02,14.64,50.00
65536,803,0.02,13.02,46.22
65536,804,0.02,13.11,56.62
65536,805,0.03,13.40,292.84
65536,806,0.07,11.62,167.03
65536,807,0.03,11.49,50.17
65536,808,0.02,11.33,67.36
65536,809,0.07,13.27,82.78
65536,810,0.03,12.91,44.77
65536,811,0.02,12.06,42.47
65536,812,0.02,12.03,43.28
65536,813,0.02,12.54,44.49
65536,814,0.02,12.72,44.17
65536,815,0.02,12.53,44.89
65536,816,0.02,12.56,48.33
65536,817,0.03,13.70,48.21
65536,818,0.02,13.76,49.36
65536,819,0.02,23.61,47.39
65536,820,0.02,13.30,46.84
65536,821,0.02,13.26,46.82
65536,822,0.02,23.29,56.74
65536,823,0.03,14.68,58.20
65536,824,0.03,14.61,50.95
65536,825,0.02,14.34,50.14
65536,826,0.02,14.15,49.92
65536,827,0.03,14.07,65.72
65536,828,0.03,14.83,52.01
65536,829,0.03,14.64,51.77
65536,830,0.03,14.66,53.50
65536,831,0.03,16.15,56.93
65536,832,0.02,16.17,57.16
65536,833,0.02,16.09,53.52
65536,834,0.03,14.83,53.18
65536,835,0.02,14.84,52.52
65536,836,0.02,15.99,60.63
65536,837,0.02,17.40,61.30
65536,838,0.03,17.60,61.39
65536,839,0.02,15.87,55.56
65536,840,0.02,15.71,55.74
65536,841,0.02,16.53,59.85
65536,842,0.03,17.45,61.73
65536,843,0.02,17.22,61.04
65536,844,0.05,16.99,59.84
65536,845,0.11,16.87,58.65
65536,846,0.03,16.77,59.11
65536,847,0.03,27.94,60.36
65536,848,0.04,17.41,59.47
65536,849,0.03,18.95,60.48
65536,850,0.03,17.51,60.61
65536,851,0.03,17.28,60.50
65536,852,0.04,17.78,61.79
65536,853,0.03,17.79,261.69
65536,854,0.18,14.80,89.09
65536,855,0.10,22.07,57.03
65536,856,0.03,22.51,52.54
65536,857,0.02,11.66,56.39
65536,858,0.02,11.65,48.51
65536,859,0.02,11.55,60.83
65536,860,0.02,11.55,60.05
65536,861,0.02,11.57,66.39
65536,862,0.02,18.43,56.26
65536,863,0.02,17.15,41.07
65536,864,0.02,19.48,49.27
65536,865,0.02,11.48,55.43
65536,866,0.02,11.31,67.55
65536,867,0.02,11.49,65.31
65536,868,0.02,11.41,66.88
65536,869,0.02,12.78,47.88
65536,870,0.02,29.49,54.07
65536,871,0.02,18.04,57.66
65536,872,0.13,11.33,59.96
65536,873,0.02,11.37,39.46
65536,874,0.02,11.30,67.97
65536,875,0.02,17.02,50.39
65536,876,0.02,24.22,56.86
65536,877,0.02,18.26,68.31
65536,878,0.02,20.41,63.00
65536,879,0.02,12.10,56.62
65536,880,0.02,12.07,51.96
65536,881,0.03,12.52,76.63
65536,882,0.02,21.15,65.79
65536,883,0.02,18.40,71.52
65536,884,0.03,30.39,51.60
65536,885,0.02,18.51,59.69
65536,886,0.02,30.59,68.02
65536,887,0.03,12.58,77.05
65536,888,0.02,18.95,91.49
65536,889,0.02,13.05,81.81
65536,890,0.02,30.77,79.10
65536,891,0.03,13.18,54.76
65536,892,0.02,12.99,60.50
65536,893,0.03,28.19,86.79
65536,894,0.03,13.17,80.84
65536,895,0.03,29.09,73.40
65536,896,0.03,12.91,77.02
65536,897,0.03,25.70,59.85
65536,898,0.03,27.26,54.97
65536,899,0.03,22.68,69.57
65536,900,0.03,13.26,54.54
65536,901,0.02,13.20,53.39
65536,902,0.03,21.91,87.24
65536,903,0.03,20.00,72.54
65536,904,0.03,19.41,68.06
65536,905,0.02,31.32,71.56
65536,906,0.02,12.41,102.05
65536,907,0.03,13.19,58.06
65536,908,0.02,12.87,99.01
65536,909,0.03,12.26,95.14
65536,910,0.02,12.48,50.04
65536,911,0.03,30.09,66.28
65536,912,0.03,34.10,79.48
65536,913,0.03,42.96,126.20
65536,914,0.02,30.38,129.38
65536,915,0.02,24.62,148.90
65536,916,0.03,18.17,42.85
65536,917,0.02,12.15,42.78
65536,918,0.02,12.21,43.54
65536,919,0.02,12.13,57.10
65536,920,0.03,11.99,57.82
65536,921,0.02,12.02,57.01
65536,922,0.02,18.57,55.88
65536,923,0.02,14.38,42.65
65536,924,0.02,11.86,41.99
65536,925,0.02,11.89,41.63
65536,926,0.02,12.07,70.62
65536,927,0.02,11.98,48.00
65536,928,0.02,12.00,48.54
65536,929,0.02,12.00,41.46
65536,930,0.02,11.97,50.19
65536,931,0.03,12.07,50.35
65536,932,0.02,12.10,49.70
65536,933,0.02,19.41,49.87
65536,934,0.02,12.18,49.83
65536,935,0.02,12.15,49.71
65536,936,0.02,19.88,51.02
65536,937,0.02,12.29,50.95
65536,938,0.03,19.88,51.48
65536,939,0.02,12.31,51.23
65536,940,0.03,12.41,58.30
65536,941,0.02,12.45,50.82
65536,942,0.03,12.40,51.09
65536,943,0.03,20.73,43.84
65536,944,0.03,12.56,43.42
65536,945,0.02,12.49,44.13
65536,946,0.02,13.52,46.55
65536,947,0.02,13.43,46.76
65536,948,0.02,13.38,46.71
65536,949,0.02,13.55,48.03
65536,950,0.02,13.70,48.08
65536,951,0.02,13.65,47.95
65536,952,0.02,13.73,49.03
65536,953,0.02,14.52,49.89
65536,954,0.03,15.56,50.85
65536,955,0.02,14.21,57.00
65536,956,0.03,13.33,45.73
65536,957,0.02,13.18,45.59
65536,958,0.03,13.19,47.37
65536,959,0.03,14.03,48.94
65536,960,0.03,14.01,48.67
65536,961,0.02,14.03,48.73
65536,962,0.02,14.11,49.23
65536,963,0.02,14.15,49.34
65536,964,0.11,14.15,49.97
65536,965,0.02,515.85,49.33
65536,966,0.03,13.05,46.32
65536,967,0.02,12.98,45.90
65536,968,0.02,12.83,46.65
65536,969,0.02,13.28,49.95
65536,970,0.02,20.86,46.99
65536,971,0.02,13.32,59.57
65536,972,0.03,14.38,50.64
65536,973,0.02,14.39,50.93
65536,974,0.02,14.36,51.03
65536,975,0.02,14.74,52.36
65536,976,0.02,14.79,52.48
65536,977,0.02,14.73,53.13
65536,978,0.02,27.86,55.82
65536,979,0.03,15.51,54.98
65536,980,0.03,15.53,56.67
65536,981,0.03,16.17,56.46
65536,982,0.03,16.04,57.44
65536,983,0.03,17.17,59.37
65536,984,0.02,16.95,59.07
65536,985,0.03,16.92,83.85
65536,986,0.12,13.41,41.51
65536,987,0.02,11.22,39.55
65536,988,0.02,11.25,75.69
65536,989,0.02,21.19,125.15
65536,990,0.02,11.70,164.86
65536,991,0.06,13.98,831.02
65536,992,0.07,15.81,55.84
65536,993,0.02,15.39,54.14
65536,994,0.02,14.00,50.11
65536,995,0.02,14.08,48.98
65536,996,0.02,13.98,49.76
65536,997,0.02,14.80,52.43
65536,998,0.02,14.83,53.68
65536,999,0.02,14.84,55.25
0,0,0.00,0.00,48.31
0,1,0.00,0.00,50.03
0,2,0.00,0.00,51.54
0,3,0.00,0.00,51.54
0,4,0.00,0.00,51.68
0,5,0.00,0.00,81.16
0,6,0.00,0.00,52.71
0,7,0.00,0.00,106.20
0,8,0.00,0.00,627.58
0,9,0.00,0.00,268.96
0,10,0.00,0.00,58.43
0,11,0.00,0.00,80.14
0,12,0.00,0.00,69.40
0,13,0.00,0.00,89.59
0,14,0.00,0.00,81.48
0,15,0.00,0.00,47.57
0,16,0.00,0.00,46.97
0,17,0.00,0.00,39.27
0,18,0.00,0.00,39.17
0,19,0.00,0.00,39.15
0,20,0.00,0.00,39.26
0,21,0.00,0.00,206.87
0,22,0.00,0.00,53.48
0,23,0.00,0.00,77.69
0,24,0.00,0.00,42.28
0,25,0.00,0.00,49.47
0,26,0.00,0.00,40.87
0,27,0.00,0.00,60.99
0,28,0.00,0.00,39.38
0,29,0.00,0.00,47.87
0,30,0.00,0.00,73.85
0,31,0.00,0.00,76.92
0,32,0.00,0.00,77.35
0,33,0.00,0.00,77.43
0,34,0.00,0.00,88.90
0,35,0.00,0.00,599.90
0,36,0.00,0.00,442.81
0,37,0.00,0.00,1191.45
0,38,0.00,0.00,49.21
0,39,0.00,0.00,47.70
0,40,0.00,0.00,61.22
0,41,0.00,0.00,48.05
0,42,0.00,0.00,48.23
0,43,0.00,0.00,47.69
0,44,0.00,0.00,47.40
0,45,0.00,0.00,47.18
0,46,0.00,0.00,47.17
0,47,0.00,0.00,48.01
0,48,0.00,0.00,47.69
0,49,0.00,0.00,47.67
0,50,0.00,0.00,47.83
0,51,0.00,0.00,49.02
0,52,0.00,0.00,48.49
0,53,0.00,0.00,48.65
0,54,0.00,0.00,49.94
0,55,0.00,0.00,49.15
0,56,0.00,0.00,49.62
0,57,0.00,0.00,52.14
0,58,0.00,0.00,51.28
0,59,0.00,0.00,51.86
0,60,0.00,0.00,51.32
0,61,0.00,0.00,52.78
0,62,0.00,0.00,51.96
0,63,0.00,0.00,53.62
0,64,0.00,0.00,54.18
0,65,0.00,0.00,54.87
0,66,0.00,0.00,53.05
0,67,0.00,0.00,56.08
0,68,0.00,0.00,57.56
0,69,0.00,0.00,55.99
0,70,0.00,0.00,55.33
0,71,0.00,0.00,65.22
0,72,0.00,0.00,57.30
0,73,0.00,0.00,55.97
0,74,0.00,0.00,56.34
0,75,0.00,0.00,66.69
0,76,0.00,0.00,59.15
0,77,0.00,0.00,68.71
0,78,0.00,0.00,59.10
0,79,0.00,0.00,59.42
0,80,0.00,0.00,59.11
0,81,0.00,0.00,60.29
0,82,0.00,0.00,59.68
0,83,0.00,0.00,60.33
0,84,0.00,0.00,1551.80
0,85,0.00,0.00,374.13
0,86,0.00,0.00,40.98
0,87,0.00,0.00,39.74
0,88,0.00,0.00,39.52
0,89,0.00,0.00,39.54
0,90,0.00,0.00,39.27
0,91,0.00,0.00,39.05
0,92,0.00,0.00,39.69
0,93,0.00,0.00,42.84
0,94,0.00,0.00,43.28
0,95,0.00,0.00,43.21
0,96,0.00,0.00,42.64
0,97,0.00,0.00,150.17
0,98,0.00,0.00,45.15
0,99,0.00,0.00,76.73
0,100,0.00,0.00,139.81
0,101,0.00,0.00,125.41
0,102,0.00,0.00,73.44
0,103,0.00,0.00,90.47
0,104,0.00,0.00,175.57
0,105,0.00,0.00,169.69
0,106,0.00,0.00,47.43
0,107,0.00,0.00,158.80
0,108,0.00,0.00,97.14
0,109,0.00,0.00,45.65
0,110,0.00,0.00,73.23
0,111,0.00,0.00,97.66
0,112,0.00,0.00,96.42
0,113,0.00,0.00,75.01
0,114,0.00,0.00,239.64
0,115,0.00,0.00,208.00
0,116,0.00,0.00,98.02
0,117,0.00,0.00,45.48
0,118,0.00,0.00,157.79
0,119,0.00,0.00,256.85
0,120,0.00,0.00,605.25
0,121,0.00,0.00,71.64
0,122,0.00,0.00,45.53
0,123,0.00,0.00,155.30
0,124,0.00,0.00,69.67
0,125,0.00,0.00,286.06
0,126,0.00,0.00,136.14
0,127,0.00,0.00,128.78
0,128,0.00,0.00,95.26
0,129,0.00,0.00,113.72
0,130,0.00,0.00,181.88
0,131,0.00,0.00,70.57
0,132,0.00,0.00,66.09
0,133,0.00,0.00,61.84
0,134,0.00,0.00,40.29
0,135,0.00,0.00,39.78
0,136,0.00,0.00,40.46
0,137,0.00,0.00,40.70
0,138,0.00,0.00,40.60
0,139,0.00,0.00,40.75
0,140,0.00,0.00,48.85
0,141,0.00,0.00,42.24
0,142,0.00,0.00,42.54
0,143,0.00,0.00,42.22
0,144,0.00,0.00,54.59
0,145,0.00,0.00,44.44
0,146,0.00,0.00,45.39
0,147,0.00,0.00,45.55
0,148,0.00,0.00,45.63
0,149,0.00,0.00,49.00
0,150,0.00,0.00,52.50
0,151,0.00,0.00,49.97
0,152,0.00,0.00,52.38
0,153,0.00,0.00,66.04
0,154,0.00,0.00,49.94
0,155,0.00,0.00,51.24
0,156,0.00,0.00,54.22
0,157,0.00,0.00,54.44
0,158,0.00,0.00,52.53
0,159,0.00,0.00,49.89
0,160,0.00,0.00,49.97
0,161,0.00,0.00,53.55
0,162,0.00,0.00,64.80
0,163,0.00,0.00,51.33
0,164,0.00,0.00,52.58
0,165,0.00,0.00,52.81
0,166,0.00,0.00,52.94
0,167,0.00,0.00,53.07
0,168,0.00,0.00,55.62
0,169,0.00,0.00,54.58
0,170,0.00,0.00,54.51
0,171,0.00,0.00,54.63
0,172,0.00,0.00,53.93
0,173,0.00,0.00,54.87
0,174,0.00,0.00,54.69
0,175,0.00,0.00,58.78
0,176,0.00,0.00,58.82
0,177,0.00,0.00,58.77
0,178,0.00,0.00,157.04
0,179,0.00,0.00,66.03
0,180,0.00,0.00,54.42
0,181,0.00,0.00,53.66
0,182,0.00,0.00,53.76
0,183,0.00,0.00,53.26
0,184,0.00,0.00,53.21
0,185,0.00,0.00,53.69
0,186,0.00,0.00,54.50
0,187,0.00,0.00,54.25
0,188,0.00,0.00,54.10
0,189,0.00,0.00,53.52
0,190,0.00,0.00,54.72
0,191,0.00,0.00,52.99
0,192,0.00,0.00,52.75
0,193,0.00,0.00,65.69
0,194,0.00,0.00,53.08
0,195,0.00,0.00,52.26
0,196,0.00,0.00,52.46
0,197,0.00,0.00,52.86
0,198,0.00,0.00,52.43
0,199,0.00,0.00,52.04
0,200,0.00,0.00,52.20
0,201,0.00,0.00,51.86
0,202,0.00,0.00,64.02
0,203,0.00,0.00,51.63
0,204,0.00,0.00,51.29
0,205,0.00,0.00,51.36
0,206,0.00,0.00,52.44
0,207,0.00,0.00,54.87
0,208,0.00,0.00,50.23
0,209,0.00,0.00,51.19
0,210,0.00,0.00,54.43
0,211,0.00,0.00,54.42
0,212,0.00,0.00,56.96
0,213,0.00,0.00,56.59
0,214,0.00,0.00,50.54
0,215,0.00,0.00,51.01
0,216,0.00,0.00,51.06
0,217,0.00,0.00,51.57
0,218,0.00,0.00,51.74
0,219,0.00,0.00,70.57
0,220,0.00,0.00,50.99
0,221,0.00,0.00,53.41
0,222,0.00,0.00,51.56
0,223,0.00,0.00,50.55
0,224,0.00,0.00,50.31
0,225,0.00,0.00,50.41
0,226,0.00,0.00,50.24
0,227,0.00,0.00,50.07
0,228,0.00,0.00,64.60
0,229,0.00,0.00,50.28
0,230,0.00,0.00,49.86
0,231,0.00,0.00,50.16
0,232,0.00,0.00,50.07
0,233,0.00,0.00,49.88
0,234,0.00,0.00,49.68
0,235,0.00,0.00,1156.12
0,236,0.00,0.00,44.68
0,237,0.00,0.00,43.32
0,238,0.00,0.00,43.12
0,239,0.00,0.00,42.94
0,240,0.00,0.00,43.16
0,241,0.00,0.00,42.79
0,242,0.00,0.00,42.75
0,243,0.00,0.00,42.83
0,244,0.00,0.00,42.85
0,245,0.00,0.00,41.68
0,246,0.00,0.00,41.91
0,247,0.00,0.00,43.73
0,248,0.00,0.00,45.36
0,249,0.00,0.00,44.98
0,250,0.00,0.00,44.65
0,251,0.00,0.00,44.87
0,252,0.00,0.00,45.65
0,253,0.00,0.00,45.07
0,254,0.00,0.00,45.54
0,255,0.00,0.00,45.96
0,256,0.00,0.00,48.44
0,257,0.00,0.00,48.97
0,258,0.00,0.00,48.25
0,259,0.00,0.00,48.45
0,260,0.00,0.00,50.07
0,261,0.00,0.00,49.83
0,262,0.00,0.00,51.98
0,263,0.00,0.00,51.10
0,264,0.00,0.00,58.46
0,265,0.00,0.00,54.35
0,266,0.00,0.00,49.49
0,267,0.00,0.00,52.59
0,268,0.00,0.00,52.09
0,269,0.00,0.00,125.69
0,270,0.00,0.00,55.60
0,271,0.00,0.00,52.45
0,272,0.00,0.00,52.07
0,273,0.00,0.00,88.77
0,274,0.00,0.00,40.17
0,275,0.00,0.00,48.67
0,276,0.00,0.00,37.44
0,277,0.00,0.00,80.63
0,278,0.00,0.00,53.73
0,279,0.00,0.00,53.60
0,280,0.00,0.00,54.22
0,281,0.00,0.00,53.13
0,282,0.00,0.00,52.00
0,283,0.00,0.00,51.85
0,284,0.00,0.00,52.06
0,285,0.00,0.00,54.20
0,286,0.00,0.00,55.10
0,287,0.00,0.00,55.48
0,288,0.00,0.00,54.44
0,289,0.00,0.00,67.38
0,290,0.00,0.00,56.40
0,291,0.00,0.00,55.02
0,292,0.00,0.00,55.29
0,293,0.00,0.00,55.98
0,294,0.00,0.00,55.79
0,295,0.00,0.00,55.71
0,296,0.00,0.00,54.49
0,297,0.00,0.00,54.53
0,298,0.00,0.00,54.79
0,299,0.00,0.00,54.80
0,300,0.00,0.00,54.84
0,301,0.00,0.00,54.87
0,302,0.00,0.00,55.08
0,303,0.00,0.00,55.00
0,304,0.00,0.00,55.10
0,305,0.00,0.00,55.45
0,306,0.00,0.00,55.12
0,307,0.00,0.00,55.42
0,308,0.00,0.00,57.62
0,309,0.00,0.00,56.82
0,310,0.00,0.00,55.45
0,311,0.00,0.00,54.86
0,312,0.00,0.00,54.70
0,313,0.00,0.00,55.16
0,314,0.00,0.00,53.64
0,315,0.00,0.00,54.05
0,316,0.00,0.00,54.35
0,317,0.00,0.00,54.84
0,318,0.00,0.00,55.35
0,319,0.00,0.00,55.72
0,320,0.00,0.00,4626.98
0,321,0.00,0.00,40.48
0,322,0.00,0.00,39.33
0,323,0.00,0.00,39.28
0,324,0.00,0.00,47.26
0,325,0.00,0.00,39.22
0,326,0.00,0.00,39.79
0,327,0.00,0.00,40.22
0,328,0.00,0.00,39.84
0,329,0.00,0.00,39.99
0,330,0.00,0.00,48.20
0,331,0.00,0.00,43.21
0,332,0.00,0.00,44.67
0,333,0.00,0.00,39.81
0,334,0.00,0.00,40.20
0,335,0.00,0.00,44.31
0,336,0.00,0.00,47.00
0,337,0.00,0.00,47.29
0,338,0.00,0.00,47.91
0,339,0.00,0.00,47.58
0,340,0.00,0.00,48.40
0,341,0.00,0.00,49.90
0,342,0.00,0.00,49.33
0,343,0.00,0.00,49.27
0,344,0.00,0.00,51.32
0,345,0.00,0.00,51.09
0,346,0.00,0.00,51.32
0,347,0.00,0.00,53.09
0,348,0.00,0.00,52.11
0,349,0.00,0.00,94.97
0,350,0.00,0.00,54.32
0,351,0.00,0.00,54.66
0,352,0.00,0.00,54.88
0,353,0.00,0.00,54.41
0,354,0.00,0.00,51.32
0,355,0.00,0.00,51.40
0,356,0.00,0.00,102.76
0,357,0.00,0.00,57.31
0,358,0.00,0.00,134.76
0,359,0.00,0.00,59.19
0,360,0.00,0.00,58.61
0,361,0.00,0.00,58.28
0,362,0.00,0.00,53.96
0,363,0.00,0.00,206.47
0,364,0.00,0.00,55.71
0,365,0.00,0.00,55.37
0,366,0.00,0.00,52.45
0,367,0.00,0.00,51.87
0,368,0.00,0.00,53.11
0,369,0.00,0.00,52.46
0,370,0.00,0.00,55.37
0,371,0.00,0.00,54.98
0,372,0.00,0.00,55.34
0,373,0.00,0.00,53.05
0,374,0.00,0.00,50.93
0,375,0.00,0.00,51.21
0,376,0.00,0.00,50.50
0,377,0.00,0.00,52.58
0,378,0.00,0.00,53.90
0,379,0.00,0.00,54.24
0,380,0.00,0.00,54.29
0,381,0.00,0.00,54.27
0,382,0.00,0.00,53.20
0,383,0.00,0.00,53.61
0,384,0.00,0.00,53.50
0,385,0.00,0.00,55.37
0,386,0.00,0.00,55.48
0,387,0.00,0.00,53.25
0,388,0.00,0.00,87.75
0,389,0.00,0.00,53.57
0,390,0.00,0.00,54.12
0,391,0.00,0.00,50.74
0,392,0.00,0.00,51.98
0,393,0.00,0.00,61.92
0,394,0.00,0.00,51.78
0,395,0.00,0.00,55.31
0,396,0.00,0.00,50.96
0,397,0.00,0.00,50.83
0,398,0.00,0.00,51.02
0,399,0.00,0.00,51.59
0,400,0.00,0.00,53.61
0,401,0.00,0.00,57.18
0,402,0.00,0.00,51.46
0,403,0.00,0.00,51.42
0,404,0.00,0.00,51.01
0,405,0.00,0.00,51.40
0,406,0.00,0.00,51.38
0,407,0.00,0.00,51.39
0,408,0.00,0.00,52.86
0,409,0.00,0.00,51.32
0,410,0.00,0.00,92.08
0,411,0.00,0.00,50.00
0,412,0.00,0.00,50.05
0,413,0.00,0.00,49.65
0,414,0.00,0.00,49.75
0,415,0.00,0.00,50.01
0,416,0.00,0.00,50.32
0,417,0.00,0.00,49.84
0,418,0.00,0.00,98.39
0,419,0.00,0.00,49.90
0,420,0.00,0.00,50.34
0,421,0.00,0.00,49.88
0,422,0.00,0.00,72.32
0,423,0.00,0.00,65.92
0,424,0.00,0.00,47.01
0,425,0.00,0.00,46.20
0,426,0.00,0.00,46.26
0,427,0.00,0.00,46.80
0,428,0.00,0.00,45.99
0,429,0.00,0.00,45.96
0,430,0.00,0.00,45.40
0,431,0.00,0.00,45.53
0,432,0.00,0.00,44.20
0,433,0.00,0.00,40.99
0,434,0.00,0.00,41.17
0,435,0.00,0.00,42.38
0,436,0.00,0.00,41.58
0,437,0.00,0.00,42.34
0,438,0.00,0.00,42.01
0,439,0.00,0.00,42.48
0,440,0.00,0.00,45.46
0,441,0.00,0.00,54.20
0,442,0.00,0.00,44.70
0,443,0.00,0.00,44.22
0,444,0.00,0.00,44.93
0,445,0.00,0.00,45.09
0,446,0.00,0.00,46.15
0,447,0.00,0.00,45.71
0,448,0.00,0.00,46.15
0,449,0.00,0.00,46.68
0,450,0.00,0.00,46.36
0,451,0.00,0.00,46.45
0,452,0.00,0.00,47.02
0,453,0.00,0.00,48.14
0,454,0.00,0.00,47.40
0,455,0.00,0.00,47.83
0,456,0.00,0.00,48.63
0,457,0.00,0.00,48.84
0,458,0.00,0.00,49.62
0,459,0.00,0.00,48.89
0,460,0.00,0.00,50.61
0,461,0.00,0.00,50.71
0,462,0.00,0.00,51.12
0,463,0.00,0.00,50.93
0,464,0.00,0.00,49.82
0,465,0.00,0.00,49.39
0,466,0.00,0.00,51.91
0,467,0.00,0.00,49.77
0,468,0.00,0.00,51.51
0,469,0.00,0.00,52.03
0,470,0.00,0.00,50.89
0,471,0.00,0.00,51.38
0,472,0.00,0.00,52.03
0,473,0.00,0.00,69.38
0,474,0.00,0.00,60.04
0,475,0.00,0.00,54.97
0,476,0.00,0.00,56.13
0,477,0.00,0.00,55.97
0,478,0.00,0.00,59.40
0,479,0.00,0.00,63.25
0,480,0.00,0.00,53.07
0,481,0.00,0.00,53.16
0,482,0.00,0.00,54.35
0,483,0.00,0.00,55.65
0,484,0.00,0.00,55.21
0,485,0.00,0.00,55.48
0,486,0.00,0.00,60.78
0,487,0.00,0.00,61.79
0,488,0.00,0.00,60.89
0,489,0.00,0.00,57.83
0,490,0.00,0.00,57.24
0,491,0.00,0.00,56.82
0,492,0.00,0.00,56.81
0,493,0.00,0.00,55.88
0,494,0.00,0.00,55.79
0,495,0.00,0.00,55.74
0,496,0.00,0.00,57.12
0,497,0.00,0.00,58.35
0,498,0.00,0.00,57.69
0,499,0.00,0.00,56.03
0,500,0.00,0.00,58.22
0,501,0.00,0.00,1406.97
0,502,0.00,0.00,97.84
0,503,0.00,0.00,40.48
0,504,0.00,0.00,48.56
0,505,0.00,0.00,40.11
0,506,0.00,0.00,39.75
0,507,0.00,0.00,1202.81
0,508,0.00,0.00,46.54
0,509,0.00,0.00,43.49
0,510,0.00,0.00,43.07
0,511,0.00,0.00,43.48
0,512,0.00,0.00,45.41
0,513,0.00,0.00,44.85
0,514,0.00,0.00,45.42
0,515,0.00,0.00,44.91
0,516,0.00,0.00,46.05
0,517,0.00,0.00,45.88
0,518,0.00,0.00,48.14
0,519,0.00,0.00,60.02
0,520,0.00,0.00,46.90
0,521,0.00,0.00,46.81
0,522,0.00,0.00,46.82
0,523,0.00,0.00,46.86
0,524,0.00,0.00,50.60
0,525,0.00,0.00,50.99
0,526,0.00,0.00,50.37
0,527,0.00,0.00,51.19
0,528,0.00,0.00,52.51
0,529,0.00,0.00,52.26
0,530,0.00,0.00,53.49
0,531,0.00,0.00,52.94
0,532,0.00,0.00,50.90
0,533,0.00,0.00,51.25
0,534,0.00,0.00,51.14
0,535,0.00,0.00,51.68
0,536,0.00,0.00,53.23
0,537,0.00,0.00,53.65
0,538,0.00,0.00,53.40
0,539,0.00,0.00,57.98
0,540,0.00,0.00,59.07
0,541,0.00,0.00,59.03
0,542,0.00,0.00,71.38
0,543,0.00,0.00,60.17
0,544,0.00,0.00,59.84
0,545,0.00,0.00,61.93
0,546,0.00,0.00,63.58
0,547,0.00,0.00,64.58
0,548,0.00,0.00,63.19
0,549,0.00,0.00,61.91
0,550,0.00,0.00,62.34
0,551,0.00,0.00,63.29
0,552,0.00,0.00,65.06
0,553,0.00,0.00,64.95
0,554,0.00,0.00,65.75
0,555,0.00,0.00,66.72
0,556,0.00,0.00,69.10
0,557,0.00,0.00,67.77
0,558,0.00,0.00,68.72
0,559,0.00,0.00,67.08
0,560,0.00,0.00,136.97
0,561,0.00,0.00,426.27
0,562,0.00,0.00,164.49
0,563,0.00,0.00,226.70
0,564,0.00,0.00,149.07
0,565,0.00,0.00,67.42
0,566,0.00,0.00,65.79
0,567,0.00,0.00,65.23
0,568,0.00,0.00,65.34
0,569,0.00,0.00,64.92
0,570,0.00,0.00,62.62
0,571,0.00,0.00,61.68
0,572,0.00,0.00,60.99
0,573,0.00,0.00,63.37
0,574,0.00,0.00,64.83
0,575,0.00,0.00,65.64
0,576,0.00,0.00,64.86
0,577,0.00,0.00,64.83
0,578,0.00,0.00,63.46
0,579,0.00,0.00,1841.15
0,580,0.00,0.00,50.82
0,581,0.00,0.00,49.30
0,582,0.00,0.00,48.61
0,583,0.00,0.00,49.19
0,584,0.00,0.00,48.92
0,585,0.00,0.00,48.11
0,586,0.00,0.00,47.27
0,587,0.00,0.00,47.33
0,588,0.00,0.00,49.19
0,589,0.00,0.00,47.62
0,590,0.00,0.00,48.01
0,591,0.00,0.00,49.06
0,592,0.00,0.00,46.10
0,593,0.00,0.00,46.64
0,594,0.00,0.00,46.70
0,595,0.00,0.00,53.31
0,596,0.00,0.00,47.83
0,597,0.00,0.00,55.92
0,598,0.00,0.00,48.24
0,599,0.00,0.00,50.70
0,600,0.00,0.00,52.77
0,601,0.00,0.00,55.03
0,602,0.00,0.00,60.45
0,603,0.00,0.00,52.87
0,604,0.00,0.00,53.19
0,605,0.00,0.00,52.80
0,606,0.00,0.00,54.87
0,607,0.00,0.00,55.42
0,608,0.00,0.00,55.13
0,609,0.00,0.00,54.94
0,610,0.00,0.00,55.50
0,611,0.00,0.00,54.05
0,612,0.00,0.00,55.69
0,613,0.00,0.00,57.82
0,614,0.00,0.00,71.93
0,615,0.00,0.00,61.24
0,616,0.00,0.00,60.43
0,617,0.00,0.00,60.02
0,618,0.00,0.00,61.06
0,619,0.00,0.00,58.94
0,620,0.00,0.00,60.92
0,621,0.00,0.00,61.38
0,622,0.00,0.00,61.46
0,623,0.00,0.00,63.38
0,624,0.00,0.00,64.11
0,625,0.00,0.00,63.75
0,626,0.00,0.00,63.59
0,627,0.00,0.00,63.02
0,628,0.00,0.00,62.14
0,629,0.00,0.00,63.33
0,630,0.00,0.00,64.90
0,631,0.00,0.00,64.50
0,632,0.00,0.00,64.27
0,633,0.00,0.00,63.84
0,634,0.00,0.00,64.34
0,635,0.00,0.00,63.60
0,636,0.00,0.00,64.60
0,637,0.00,0.00,64.62
0,638,0.00,0.00,64.34
0,639,0.00,0.00,64.84
0,640,0.00,0.00,64.11
0,641,0.00,0.00,65.52
0,642,0.00,0.00,77.32
0,643,0.00,0.00,66.33
0,644,0.00,0.00,65.80
0,645,0.00,0.00,66.29
0,646,0.00,0.00,66.92
0,647,0.00,0.00,67.55
0,648,0.00,0.00,68.72
0,649,0.00,0.00,68.60
0,650,0.00,0.00,67.45
0,651,0.00,0.00,66.73
0,652,0.00,0.00,67.09
0,653,0.00,0.00,68.64
0,654,0.00,0.00,67.29
0,655,0.00,0.00,67.10
0,656,0.00,0.00,68.16
0,657,0.00,0.00,67.88
0,658,0.00,0.00,70.03
0,659,0.00,0.00,74.92
0,660,0.00,0.00,68.06
0,661,0.00,0.00,1873.53
0,662,0.00,0.00,44.44
0,663,0.00,0.00,42.67
0,664,0.00,0.00,76.28
0,665,0.00,0.00,49.37
0,666,0.00,0.00,66.76
0,667,0.00,0.00,81.51
0,668,0.00,0.00,68.26
0,669,0.00,0.00,64.68
0,670,0.00,0.00,38.59
0,671,0.00,0.00,57.10
0,672,0.00,0.00,910.20
0,673,0.00,0.00,64.91
0,674,0.00,0.00,41.56
0,675,0.00,0.00,40.29
0,676,0.00,0.00,40.07
0,677,0.00,0.00,40.58
0,678,0.00,0.00,40.31
0,679,0.00,0.00,85.29
0,680,0.00,0.00,39.56
0,681,0.00,0.00,47.42
0,682,0.00,0.00,57.82
0,683,0.00,0.00,62.56
0,684,0.00,0.00,89.19
0,685,0.00,0.00,41.52
0,686,0.00,0.00,41.23
0,687,0.00,0.00,42.37
0,688,0.00,0.00,55.99
0,689,0.00,0.00,44.56
0,690,0.00,0.00,45.01
0,691,0.00,0.00,219.85
0,692,0.00,0.00,65.68
0,693,0.00,0.00,64.46
0,694,0.00,0.00,64.25
0,695,0.00,0.00,64.71
0,696,0.00,0.00,62.84
0,697,0.00,0.00,57.15
0,698,0.00,0.00,57.89
0,699,0.00,0.00,57.78
0,700,0.00,0.00,58.12
0,701,0.00,0.00,58.56
0,702,0.00,0.00,57.91
0,703,0.00,0.00,56.38
0,704,0.00,0.00,56.42
0,705,0.00,0.00,55.93
0,706,0.00,0.00,55.62
0,707,0.00,0.00,55.37
0,708,0.00,0.00,57.99
0,709,0.00,0.00,67.95
0,710,0.00,0.00,56.34
0,711,0.00,0.00,55.68
0,712,0.00,0.00,55.55
0,713,0.00,0.00,55.42
0,714,0.00,0.00,55.93
0,715,0.00,0.00,56.55
0,716,0.00,0.00,55.70
0,717,0.00,0.00,55.84
0,718,0.00,0.00,55.85
0,719,0.00,0.00,56.05
0,720,0.00,0.00,55.43
0,721,0.00,0.00,54.46
0,722,0.00,0.00,54.71
0,723,0.00,0.00,293.99
0,724,0.00,0.00,528.62
0,725,0.00,0.00,41.78
0,726,0.00,0.00,48.55
0,727,0.00,0.00,110.27
0,728,0.00,0.00,56.99
0,729,0.00,0.00,68.58
0,730,0.00,0.00,38.60
0,731,0.00,0.00,70.01
0,732,0.00,0.00,97.77
0,733,0.00,0.00,94.35
0,734,0.00,0.00,49.26
0,735,0.00,0.00,63.52
0,736,0.00,0.00,55.54
0,737,0.00,0.00,1323.50
0,738,0.00,0.00,180.05
0,739,0.00,0.00,49.00
0,740,0.00,0.00,48.36
0,741,0.00,0.00,48.28
0,742,0.00,0.00,48.91
0,743,0.00,0.00,48.55
0,744,0.00,0.00,44.71
0,745,0.00,0.00,43.37
0,746,0.00,0.00,43.23
0,747,0.00,0.00,44.06
0,748,0.00,0.00,52.24
0,749,0.00,0.00,43.09
0,750,0.00,0.00,43.03
0,751,0.00,0.00,43.28
0,752,0.00,0.00,43.12
0,753,0.00,0.00,43.40
0,754,0.00,0.00,43.06
0,755,0.00,0.00,44.02
0,756,0.00,0.00,44.52
0,757,0.00,0.00,44.89
0,758,0.00,0.00,44.04
0,759,0.00,0.00,42.77
0,760,0.00,0.00,45.03
0,761,0.00,0.00,45.88
0,762,0.00,0.00,45.46
0,763,0.00,0.00,45.34
0,764,0.00,0.00,45.52
0,765,0.00,0.00,44.93
0,766,0.00,0.00,44.68
0,767,0.00,0.00,45.97
0,768,0.00,0.00,45.38
0,769,0.00,0.00,49.63
0,770,0.00,0.00,48.76
0,771,0.00,0.00,48.54
0,772,0.00,0.00,50.58
0,773,0.00,0.00,50.29
0,774,0.00,0.00,50.07
0,775,0.00,0.00,50.54
0,776,0.00,0.00,50.15
0,777,0.00,0.00,49.97
0,778,0.00,0.00,49.69
0,779,0.00,0.00,51.08
0,780,0.00,0.00,50.48
0,781,0.00,0.00,51.36
0,782,0.00,0.00,52.37
0,783,0.00,0.00,52.44
0,784,0.00,0.00,52.47
0,785,0.00,0.00,54.36
0,786,0.00,0.00,65.23
0,787,0.00,0.00,54.89
0,788,0.00,0.00,57.20
0,789,0.00,0.00,55.67
0,790,0.00,0.00,60.15
0,791,0.00,0.00,56.96
0,792,0.00,0.00,58.42
0,793,0.00,0.00,57.74
0,794,0.00,0.00,69.66
0,795,0.00,0.00,60.29
0,796,0.00,0.00,60.29
0,797,0.00,0.00,61.96
0,798,0.00,0.00,59.11
0,799,0.00,0.00,58.93
0,800,0.00,0.00,57.85
0,801,0.00,0.00,58.02
0,802,0.00,0.00,55.81
0,803,0.00,0.00,55.45
0,804,0.00,0.00,56.19
0,805,0.00,0.00,60.39
0,806,0.00,0.00,60.43
0,807,0.00,0.00,61.83
0,808,0.00,0.00,61.29
0,809,0.00,0.00,61.41
0,810,0.00,0.00,61.19
0,811,0.00,0.00,58.49
0,812,0.00,0.00,57.21
0,813,0.00,0.00,57.84
0,814,0.00,0.00,60.60
0,815,0.00,0.00,62.45
0,816,0.00,0.00,62.73
0,817,0.00,0.00,75.20
0,818,0.00,0.00,62.50
0,819,0.00,0.00,62.30
0,820,0.00,0.00,62.48
0,821,0.00,0.00,63.28
0,822,0.00,0.00,63.68
0,823,0.00,0.00,63.49
0,824,0.00,0.00,68.73
0,825,0.00,0.00,60.10
0,826,0.00,0.00,60.27
0,827,0.00,0.00,64.07
0,828,0.00,0.00,64.63
0,829,0.00,0.00,64.65
0,830,0.00,0.00,59.65
0,831,0.00,0.00,59.30
0,832,0.00,0.00,59.50
0,833,0.00,0.00,63.57
0,834,0.00,0.00,64.67
0,835,0.00,0.00,64.96
0,836,0.00,0.00,62.37
0,837,0.00,0.00,60.38
0,838,0.00,0.00,60.10
0,839,0.00,0.00,60.69
0,840,0.00,0.00,60.34
0,841,0.00,0.00,61.64
0,842,0.00,0.00,60.84
0,843,0.00,0.00,61.68
0,844,0.00,0.00,60.52
0,845,0.00,0.00,62.35
0,846,0.00,0.00,71.99
0,847,0.00,0.00,59.40
0,848,0.00,0.00,59.00
0,849,0.00,0.00,59.13
0,850,0.00,0.00,58.97
0,851,0.00,0.00,59.34
0,852,0.00,0.00,61.20
0,853,0.00,0.00,67.89
0,854,0.00,0.00,63.64
0,855,0.00,0.00,62.09
0,856,0.00,0.00,61.91
0,857,0.00,0.00,63.73
0,858,0.00,0.00,66.97
0,859,0.00,0.00,59.98
0,860,0.00,0.00,59.86
0,861,0.00,0.00,59.96
0,862,0.00,0.00,61.00
0,863,0.00,0.00,60.13
0,864,0.00,0.00,59.41
0,865,0.00,0.00,59.89
0,866,0.00,0.00,59.52
0,867,0.00,0.00,59.61
0,868,0.00,0.00,59.51
0,869,0.00,0.00,59.65
0,870,0.00,0.00,59.69
0,871,0.00,0.00,59.82
0,872,0.00,0.00,59.42
0,873,0.00,0.00,58.50
0,874,0.00,0.00,58.27
0,875,0.00,0.00,58.12
0,876,0.00,0.00,68.55
0,877,0.00,0.00,58.36
0,878,0.00,0.00,58.46
0,879,0.00,0.00,59.58
0,880,0.00,0.00,59.48
0,881,0.00,0.00,58.30
0,882,0.00,0.00,57.51
0,883,0.00,0.00,57.76
0,884,0.00,0.00,57.94
0,885,0.00,0.00,58.74
0,886,0.00,0.00,57.60
0,887,0.00,0.00,57.35
0,888,0.00,0.00,58.93
0,889,0.00,0.00,58.13
0,890,0.00,0.00,57.27
0,891,0.00,0.00,59.85
0,892,0.00,0.00,57.51
0,893,0.00,0.00,56.12
0,894,0.00,0.00,59.88
0,895,0.00,0.00,56.00
0,896,0.00,0.00,56.12
0,897,0.00,0.00,57.79
0,898,0.00,0.00,61.90
0,899,0.00,0.00,56.89
0,900,0.00,0.00,169.99
0,901,0.00,0.00,1041.46
0,902,0.00,0.00,47.41
0,903,0.00,0.00,44.66
0,904,0.00,0.00,44.06
0,905,0.00,0.00,53.81
0,906,0.00,0.00,44.12
0,907,0.00,0.00,46.44
0,908,0.00,0.00,50.57
0,909,0.00,0.00,43.55
0,910,0.00,0.00,45.43
0,911,0.00,0.00,45.48
0,912,0.00,0.00,45.65
0,913,0.00,0.00,45.93
0,914,0.00,0.00,47.99
0,915,0.00,0.00,48.96
0,916,0.00,0.00,49.84
0,917,0.00,0.00,51.18
0,918,0.00,0.00,47.92
0,919,0.00,0.00,49.63
0,920,0.00,0.00,47.40
0,921,0.00,0.00,47.75
0,922,0.00,0.00,52.18
0,923,0.00,0.00,54.67
0,924,0.00,0.00,52.27
0,925,0.00,0.00,53.37
0,926,0.00,0.00,55.04
0,927,0.00,0.00,74.99
0,928,0.00,0.00,54.15
0,929,0.00,0.00,52.82
0,930,0.00,0.00,52.95
0,931,0.00,0.00,53.61
0,932,0.00,0.00,57.43
0,933,0.00,0.00,59.59
0,934,0.00,0.00,59.73
0,935,0.00,0.00,154.64
0,936,0.00,0.00,90.96
0,937,0.00,0.00,344.50
0,938,0.00,0.00,50.25
0,939,0.00,0.00,40.40
0,940,0.00,0.00,49.31
0,941,0.00,0.00,41.15
0,942,0.00,0.00,40.94
0,943,0.00,0.00,41.01
0,944,0.00,0.00,41.67
0,945,0.00,0.00,51.47
0,946,0.00,0.00,43.35
0,947,0.00,0.00,43.27
0,948,0.00,0.00,51.17
0,949,0.00,0.00,43.83
0,950,0.00,0.00,52.15
0,951,0.00,0.00,43.86
0,952,0.00,0.00,52.08
0,953,0.00,0.00,62.33
0,954,0.00,0.00,63.12
0,955,0.00,0.00,55.04
0,956,0.00,0.00,48.04
0,957,0.00,0.00,48.41
0,958,0.00,0.00,48.38
0,959,0.00,0.00,47.79
0,960,0.00,0.00,48.06
0,961,0.00,0.00,48.72
0,962,0.00,0.00,48.67
0,963,0.00,0.00,57.23
0,964,0.00,0.00,50.13
0,965,0.00,0.00,50.11
0,966,0.00,0.00,50.16
0,967,0.00,0.00,50.60
0,968,0.00,0.00,52.14
0,969,0.00,0.00,63.11
0,970,0.00,0.00,51.90
0,971,0.00,0.00,84.00
0,972,0.00,0.00,62.51
0,973,0.00,0.00,57.26
0,974,0.00,0.00,80.86
0,975,0.00,0.00,79.45
0,976,0.00,0.00,62.23
0,977,0.00,0.00,48.21
0,978,0.00,0.00,46.81
0,979,0.00,0.00,37.59
0,980,0.00,0.00,46.76
0,981,0.00,0.00,54.50
0,982,0.00,0.00,52.81
0,983,0.00,0.00,71.87
0,984,0.00,0.00,87.68
0,985,0.00,0.00,52.01
0,986,0.00,0.00,60.31
0,987,0.00,0.00,67.91
0,988,0.00,0.00,72.65
0,989,0.00,0.00,90.92
0,990,0.00,0.00,73.35
0,991,0.00,0.00,91.07
0,992,0.00,0.00,362.62
0,993,0.00,0.00,46.64
0,994,0.00,0.00,560.11
0,995,0.00,0.00,44.24
0,996,0.00,0.00,41.93
0,997,0.00,0.00,41.80
0,998,0.00,0.00,41.39
0,999,0.00,0.00,41.48
0,1000,0.00,0.00,42.65
0,1001,0.00,0.00,45.66
0,1002,0.00,0.00,45.18
0,1003,0.00,0.00,44.71
0,1004,0.00,0.00,45.25
0,1005,0.00,0.00,46.81
0,1006,0.00,0.00,46.02
0,1007,0.00,0.00,57.76
0,1008,0.00,0.00,50.90
0,1009,0.00,0.00,48.36
0,1010,0.00,0.00,48.71
0,1011,0.00,0.00,48.33
0,1012,0.00,0.00,50.48
0,1013,0.00,0.00,53.30
0,1014,0.00,0.00,53.30
0,1015,0.00,0.00,53.35
0,1016,0.00,0.00,54.18
0,1017,0.00,0.00,53.10
0,1018,0.00,0.00,53.32
0,1019,0.00,0.00,66.35
0,1020,0.00,0.00,55.97
0,1021,0.00,0.00,67.36
0,1022,0.00,0.00,66.28
0,1023,0.00,0.00,66.60
0,1024,0.00,0.00,66.53
0,1025,0.00,0.00,55.83
0,1026,0.00,0.00,61.94
0,1027,0.00,0.00,54.41
0,1028,0.00,0.00,54.70
0,1029,0.00,0.00,55.26
0,1030,0.00,0.00,55.93
0,1031,0.00,0.00,58.77
0,1032,0.00,0.00,67.30
0,1033,0.00,0.00,57.15
0,1034,0.00,0.00,57.38
0,1035,0.00,0.00,58.08
0,1036,0.00,0.00,88.40
0,1037,0.00,0.00,56.11
0,1038,0.00,0.00,65.60
0,1039,0.00,0.00,58.39
0,1040,0.00,0.00,58.36
0,1041,0.00,0.00,58.33
0,1042,0.00,0.00,58.96
0,1043,0.00,0.00,58.49
0,1044,0.00,0.00,58.91
0,1045,0.00,0.00,57.60
0,1046,0.00,0.00,57.06
0,1047,0.00,0.00,57.84
0,1048,0.00,0.00,57.63
0,1049,0.00,0.00,59.26
0,1050,0.00,0.00,60.11
0,1051,0.00,0.00,59.27
0,1052,0.00,0.00,59.67
0,1053,0.00,0.00,58.23
0,1054,0.00,0.00,58.89
0,1055,0.00,0.00,59.24
0,1056,0.00,0.00,57.42
0,1057,0.00,0.00,56.47
0,1058,0.00,0.00,57.48
0,1059,0.00,0.00,56.35
0,1060,0.00,0.00,56.54
0,1061,0.00,0.00,56.59
0,1062,0.00,0.00,58.05
0,1063,0.00,0.00,55.76
0,1064,0.00,0.00,56.14
0,1065,0.00,0.00,54.76
0,1066,0.00,0.00,55.72
0,1067,0.00,0.00,55.49
0,1068,0.00,0.00,55.34
0,1069,0.00,0.00,67.03
0,1070,0.00,0.00,54.87
0,1071,0.00,0.00,53.93
0,1072,0.00,0.00,54.02
0,1073,0.00,0.00,53.97
0,1074,0.00,0.00,53.97
0,1075,0.00,0.00,54.63
0,1076,0.00,0.00,55.89
0,1077,0.00,0.00,56.87
0,1078,0.00,0.00,56.48
0,1079,0.00,0.00,55.13
0,1080,0.00,0.00,53.32
0,1081,0.00,0.00,53.22
0,1082,0.00,0.00,52.97
0,1083,0.00,0.00,53.99
0,1084,0.00,0.00,53.18
0,1085,0.00,0.00,60.36
0,1086,0.00,0.00,53.34
0,1087,0.00,0.00,54.97
0,1088,0.00,0.00,53.20
0,1089,0.00,0.00,53.55
0,1090,0.00,0.00,54.73
0,1091,0.00,0.00,54.71
0,1092,0.00,0.00,53.20
0,1093,0.00,0.00,54.51
0,1094,0.00,0.00,53.44
0,1095,0.00,0.00,57.76
0,1096,0.00,0.00,52.95
0,1097,0.00,0.00,53.06
0,1098,0.00,0.00,60.78
0,1099,0.00,0.00,53.73
0,1100,0.00,0.00,52.76
0,1101,0.00,0.00,65.20
0,1102,0.00,0.00,53.16
0,1103,0.00,0.00,52.99
0,1104,0.00,0.00,53.51
0,1105,0.00,0.00,53.79
0,1106,0.00,0.00,52.74
0,1107,0.00,0.00,54.77
0,1108,0.00,0.00,54.91
0,1109,0.00,0.00,53.15
0,1110,0.00,0.00,54.42
0,1111,0.00,0.00,53.78
0,1112,0.00,0.00,54.42
0,1113,0.00,0.00,54.02
0,1114,0.00,0.00,53.22
0,1115,0.00,0.00,53.01
0,1116,0.00,0.00,53.99
0,1117,0.00,0.00,54.21
0,1118,0.00,0.00,54.10
0,1119,0.00,0.00,52.02
0,1120,0.00,0.00,51.50
0,1121,0.00,0.00,51.72
0,1122,0.00,0.00,52.06
0,1123,0.00,0.00,54.35
0,1124,0.00,0.00,53.54
0,1125,0.00,0.00,52.96
0,1126,0.00,0.00,52.88
0,1127,0.00,0.00,53.28
0,1128,0.00,0.00,63.67
0,1129,0.00,0.00,52.89
0,1130,0.00,0.00,52.62
0,1131,0.00,0.00,52.66
0,1132,0.00,0.00,52.99
0,1133,0.00,0.00,52.74
0,1134,0.00,0.00,52.59
0,1135,0.00,0.00,52.85
0,1136,0.00,0.00,52.97
0,1137,0.00,0.00,55.53
0,1138,0.00,0.00,55.23
0,1139,0.00,0.00,56.05
0,1140,0.00,0.00,56.64
0,1141,0.00,0.00,55.63
0,1142,0.00,0.00,54.64
0,1143,0.00,0.00,54.63
0,1144,0.00,0.00,53.79
0,1145,0.00,0.00,53.52
0,1146,0.00,0.00,55.93
0,1147,0.00,0.00,53.89
0,1148,0.00,0.00,56.28
0,1149,0.00,0.00,56.06
0,1150,0.00,0.00,56.22
0,1151,0.00,0.00,55.88
0,1152,0.00,0.00,54.73
0,1153,0.00,0.00,54.27
0,1154,0.00,0.00,54.77
0,1155,0.00,0.00,54.67
0,1156,0.00,0.00,54.40
0,1157,0.00,0.00,56.43
0,1158,0.00,0.00,53.49
0,1159,0.00,0.00,52.17
0,1160,0.00,0.00,52.17
0,1161,0.00,0.00,61.35
0,1162,0.00,0.00,52.59
0,1163,0.00,0.00,53.50
0,1164,0.00,0.00,53.51
0,1165,0.00,0.00,53.89
0,1166,0.00,0.00,83.02
0,1167,0.00,0.00,46.68
0,1168,0.00,0.00,53.09
0,1169,0.00,0.00,40.90
0,1170,0.00,0.00,40.20
0,1171,0.00,0.00,40.43
0,1172,0.00,0.00,41.51
0,1173,0.00,0.00,44.28
0,1174,0.00,0.00,44.23
0,1175,0.00,0.00,56.42
0,1176,0.00,0.00,43.70
0,1177,0.00,0.00,40.84
0,1178,0.00,0.00,41.02
0,1179,0.00,0.00,49.96
0,1180,0.00,0.00,41.24
0,1181,0.00,0.00,44.28
0,1182,0.00,0.00,45.80
0,1183,0.00,0.00,46.26
0,1184,0.00,0.00,45.87
0,1185,0.00,0.00,44.73
0,1186,0.00,0.00,44.52
0,1187,0.00,0.00,44.54
0,1188,0.00,0.00,44.20
0,1189,0.00,0.00,47.00
0,1190,0.00,0.00,922.23
0,1191,0.00,0.00,50.97
0,1192,0.00,0.00,49.28
0,1193,0.00,0.00,48.25
0,1194,0.00,0.00,48.34
0,1195,0.00,0.00,48.24
0,1196,0.00,0.00,48.15
0,1197,0.00,0.00,49.52
0,1198,0.00,0.00,48.66
0,1199,0.00,0.00,48.46
0,1200,0.00,0.00,48.81
0,1201,0.00,0.00,49.03
0,1202,0.00,0.00,50.31
0,1203,0.00,0.00,50.04
0,1204,0.00,0.00,48.51
0,1205,0.00,0.00,48.55
0,1206,0.00,0.00,50.40
0,1207,0.00,0.00,48.86
0,1208,0.00,0.00,49.57
0,1209,0.00,0.00,50.60
0,1210,0.00,0.00,48.93
0,1211,0.00,0.00,47.68
0,1212,0.00,0.00,48.27
0,1213,0.00,0.00,47.42
0,1214,0.00,0.00,48.07
0,1215,0.00,0.00,47.71
0,1216,0.00,0.00,47.60
0,1217,0.00,0.00,49.12
0,1218,0.00,0.00,58.94
0,1219,0.00,0.00,47.77
0,1220,0.00,0.00,47.43
0,1221,0.00,0.00,48.15
0,1222,0.00,0.00,47.71
0,1223,0.00,0.00,48.12
0,1224,0.00,0.00,47.46
0,1225,0.00,0.00,47.99
0,1226,0.00,0.00,47.56
0,1227,0.00,0.00,48.37
0,1228,0.00,0.00,48.23
0,1229,0.00,0.00,48.30
0,1230,0.00,0.00,48.37
0,1231,0.00,0.00,47.86
0,1232,0.00,0.00,47.13
0,1233,0.00,0.00,54.07
0,1234,0.00,0.00,45.96
0,1235,0.00,0.00,45.86
0,1236,0.00,0.00,46.33
0,1237,0.00,0.00,47.27
0,1238,0.00,0.00,45.94
0,1239,0.00,0.00,48.11
0,1240,0.00,0.00,54.16
0,1241,0.00,0.00,47.34
0,1242,0.00,0.00,47.13
0,1243,0.00,0.00,80.18
0,1244,0.00,0.00,68.43
0,1245,0.00,0.00,59.47
0,1246,0.00,0.00,2756.77
0,1247,0.00,0.00,76.72
0,1248,0.00,0.00,99.52
0,1249,0.00,0.00,59.22
0,1250,0.00,0.00,66.18
0,1251,0.00,0.00,77.86
0,1252,0.00,0.00,58.60
0,1253,0.00,0.00,130.58
0,1254,0.00,0.00,155.60
0,1255,0.00,0.00,54.63
0,1256,0.00,0.00,60.25
0,1257,0.00,0.00,74.30
0,1258,0.00,0.00,47.97
0,1259,0.00,0.00,40.17
0,1260,0.00,0.00,61.50
0,1261,0.00,0.00,40.79
0,1262,0.00,0.00,781.43
0,1263,0.00,0.00,63.83
0,1264,0.00,0.00,60.12
0,1265,0.00,0.00,49.88
0,1266,0.00,0.00,48.75
0,1267,0.00,0.00,49.11
0,1268,0.00,0.00,48.82
0,1269,0.00,0.00,48.51
0,1270,0.00,0.00,48.71
0,1271,0.00,0.00,49.60
0,1272,0.00,0.00,48.54
0,1273,0.00,0.00,48.12
0,1274,0.00,0.00,49.52
0,1275,0.00,0.00,48.54
0,1276,0.00,0.00,52.54
0,1277,0.00,0.00,51.23
0,1278,0.00,0.00,52.16
0,1279,0.00,0.00,52.35
0,1280,0.00,0.00,52.76
0,1281,0.00,0.00,54.87
0,1282,0.00,0.00,53.63
0,1283,0.00,0.00,54.89
0,1284,0.00,0.00,54.03
0,1285,0.00,0.00,53.65
0,1286,0.00,0.00,54.32
0,1287,0.00,0.00,55.40
0,1288,0.00,0.00,56.05
0,1289,0.00,0.00,55.31
0,1290,0.00,0.00,56.53
0,1291,0.00,0.00,56.85
0,1292,0.00,0.00,57.56
0,1293,0.00,0.00,58.00
0,1294,0.00,0.00,59.82
0,1295,0.00,0.00,58.68
0,1296,0.00,0.00,58.53
0,1297,0.00,0.00,60.87
0,1298,0.00,0.00,70.38
0,1299,0.00,0.00,60.12
0,1300,0.00,0.00,60.90
0,1301,0.00,0.00,61.40
0,1302,0.00,0.00,61.60
0,1303,0.00,0.00,61.02
0,1304,0.00,0.00,60.49
0,1305,0.00,0.00,60.04
0,1306,0.00,0.00,60.15
0,1307,0.00,0.00,60.29
0,1308,0.00,0.00,60.44
0,1309,0.00,0.00,60.91
0,1310,0.00,0.00,72.49
0,1311,0.00,0.00,62.71
0,1312,0.00,0.00,63.76
0,1313,0.00,0.00,67.30
0,1314,0.00,0.00,67.52
0,1315,0.00,0.00,81.57
0,1316,0.00,0.00,69.23
0,1317,0.00,0.00,69.99
0,1318,0.00,0.00,92.49
0,1319,0.00,0.00,66.99
0,1320,0.00,0.00,66.06
0,1321,0.00,0.00,68.05
0,1322,0.00,0.00,67.57
0,1323,0.00,0.00,68.53
0,1324,0.00,0.00,68.34
0,1325,0.00,0.00,67.68
0,1326,0.00,0.00,81.50
0,1327,0.00,0.00,68.00
0,1328,0.00,0.00,68.56
0,1329,0.00,0.00,68.43
0,1330,0.00,0.00,79.01
0,1331,0.00,0.00,67.43
0,1332,0.00,0.00,65.82
0,1333,0.00,0.00,65.31
0,1334,0.00,0.00,65.87
0,1335,0.00,0.00,65.40
0,1336,0.00,0.00,64.80
0,1337,0.00,0.00,67.98
0,1338,0.00,0.00,70.05
0,1339,0.00,0.00,68.22
0,1340,0.00,0.00,67.01
0,1341,0.00,0.00,64.17
0,1342,0.00,0.00,65.09
0,1343,0.00,0.00,68.30
0,1344,0.00,0.00,68.43
0,1345,0.00,0.00,68.68
0,1346,0.00,0.00,69.59
0,1347,0.00,0.00,68.52
0,1348,0.00,0.00,67.39
0,1349,0.00,0.00,65.46
0,1350,0.00,0.00,65.40
0,1351,0.00,0.00,65.28
0,1352,0.00,0.00,67.46
0,1353,0.00,0.00,77.88
0,1354,0.00,0.00,69.96
0,1355,0.00,0.00,69.17
0,1356,0.00,0.00,68.04
0,1357,0.00,0.00,66.20
0,1358,0.00,0.00,64.99
0,1359,0.00,0.00,65.67
0,1360,0.00,0.00,65.57
0,1361,0.00,0.00,66.12
0,1362,0.00,0.00,64.74
0,1363,0.00,0.00,66.09
0,1364,0.00,0.00,66.53
0,1365,0.00,0.00,65.34
0,1366,0.00,0.00,65.35
0,1367,0.00,0.00,62.96
0,1368,0.00,0.00,69.21
0,1369,0.00,0.00,63.14
0,1370,0.00,0.00,63.21
0,1371,0.00,0.00,63.59
0,1372,0.00,0.00,66.30
0,1373,0.00,0.00,72.27
0,1374,0.00,0.00,63.15
0,1375,0.00,0.00,63.10
0,1376,0.00,0.00,63.27
0,1377,0.00,0.00,63.49
0,1378,0.00,0.00,61.45
0,1379,0.00,0.00,61.69
0,1380,0.00,0.00,74.65
0,1381,0.00,0.00,62.40
0,1382,0.00,0.00,61.46
0,1383,0.00,0.00,60.90
0,1384,0.00,0.00,61.70
0,1385,0.00,0.00,60.98
0,1386,0.00,0.00,61.85
0,1387,0.00,0.00,60.73
0,1388,0.00,0.00,61.49
0,1389,0.00,0.00,61.62
0,1390,0.00,0.00,61.48
0,1391,0.00,0.00,61.30
0,1392,0.00,0.00,61.71
0,1393,0.00,0.00,60.77
0,1394,0.00,0.00,62.04
0,1395,0.00,0.00,61.65
0,1396,0.00,0.00,62.24
0,1397,0.00,0.00,60.27
0,1398,0.00,0.00,60.47
0,1399,0.00,0.00,59.56
0,1400,0.00,0.00,60.32
0,1401,0.00,0.00,59.81
0,1402,0.00,0.00,59.69
0,1403,0.00,0.00,62.15
0,1404,0.00,0.00,65.76
0,1405,0.00,0.00,62.38
0,1406,0.00,0.00,61.01
0,1407,0.00,0.00,669.43
0,1408,0.00,0.00,55.00
0,1409,0.00,0.00,78.75
0,1410,0.00,0.00,65.18
0,1411,0.00,0.00,64.69
0,1412,0.00,0.00,76.27
0,1413,0.00,0.00,64.42
0,1414,0.00,0.00,64.28
0,1415,0.00,0.00,75.92
0,1416,0.00,0.00,58.28
0,1417,0.00,0.00,56.02
0,1418,0.00,0.00,66.87
0,1419,0.00,0.00,56.06
0,1420,0.00,0.00,55.83
0,1421,0.00,0.00,60.98
0,1422,0.00,0.00,1233.85
0,1423,0.00,0.00,75.47
0,1424,0.00,0.00,111.32
0,1425,0.00,0.00,161.18
0,1426,0.00,0.00,73.74
0,1427,0.00,0.00,52.55
0,1428,0.00,0.00,70.50
0,1429,0.00,0.00,264.92
0,1430,0.00,0.00,90.88
0,1431,0.00,0.00,287.58
0,1432,0.00,0.00,41.42
0,1433,0.00,0.00,40.96
0,1434,0.00,0.00,40.65
0,1435,0.00,0.00,73.10
0,1436,0.00,0.00,384.51
0,1437,0.00,0.00,152.03
0,1438,0.00,0.00,58.34
0,1439,0.00,0.00,66.68
0,1440,0.00,0.00,42.51
0,1441,0.00,0.00,100.40
0,1442,0.00,0.00,80.21
0,1443,0.00,0.00,1435.98
0,1444,0.00,0.00,50.09
0,1445,0.00,0.00,48.99
0,1446,0.00,0.00,48.95
0,1447,0.00,0.00,48.79
0,1448,0.00,0.00,48.62
0,1449,0.00,0.00,48.58
0,1450,0.00,0.00,48.41
0,1451,0.00,0.00,48.44
0,1452,0.00,0.00,49.01
0,1453,0.00,0.00,50.26
0,1454,0.00,0.00,48.94
0,1455,0.00,0.00,49.34
0,1456,0.00,0.00,49.67
0,1457,0.00,0.00,49.49
0,1458,0.00,0.00,60.67
0,1459,0.00,0.00,47.70
0,1460,0.00,0.00,47.52
0,1461,0.00,0.00,47.85
0,1462,0.00,0.00,47.74
0,1463,0.00,0.00,47.64
0,1464,0.00,0.00,47.70
0,1465,0.00,0.00,50.27
0,1466,0.00,0.00,47.37
0,1467,0.00,0.00,47.69
0,1468,0.00,0.00,47.72
0,1469,0.00,0.00,48.16
0,1470,0.00,0.00,47.84
0,1471,0.00,0.00,48.71
0,1472,0.00,0.00,48.10
0,1473,0.00,0.00,49.06
0,1474,0.00,0.00,47.83
0,1475,0.00,0.00,48.86
0,1476,0.00,0.00,47.13
0,1477,0.00,0.00,46.87
0,1478,0.00,0.00,46.81
0,1479,0.00,0.00,48.88
0,1480,0.00,0.00,47.13
0,1481,0.00,0.00,46.85
0,1482,0.00,0.00,47.70
0,1483,0.00,0.00,644.47
0,1484,0.00,0.00,40.90
0,1485,0.00,0.00,100.55
0,1486,0.00,0.00,235.26
0,1487,0.00,0.00,48.46
0,1488,0.00,0.00,56.55
0,1489,0.00,0.00,50.30
0,1490,0.00,0.00,49.74
0,1491,0.00,0.00,49.40
0,1492,0.00,0.00,48.39
0,1493,0.00,0.00,50.81
0,1494,0.00,0.00,58.69
0,1495,0.00,0.00,48.72
0,1496,0.00,0.00,50.22
0,1497,0.00,0.00,52.16
0,1498,0.00,0.00,52.77
0,1499,0.00,0.00,51.30
0,1500,0.00,0.00,52.15
0,1501,0.00,0.00,51.81
0,1502,0.00,0.00,51.82
0,1503,0.00,0.00,66.46
0,1504,0.00,0.00,54.01
0,1505,0.00,0.00,53.27
0,1506,0.00,0.00,53.45
0,1507,0.00,0.00,55.07
0,1508,0.00,0.00,54.95
0,1509,0.00,0.00,55.17
0,1510,0.00,0.00,56.78
0,1511,0.00,0.00,55.93
0,1512,0.00,0.00,57.21
0,1513,0.00,0.00,55.09
0,1514,0.00,0.00,52.51
0,1515,0.00,0.00,51.47
0,1516,0.00,0.00,53.74
0,1517,0.00,0.00,54.22
0,1518,0.00,0.00,55.41
0,1519,0.00,0.00,54.56
0,1520,0.00,0.00,55.47
0,1521,0.00,0.00,58.08
0,1522,0.00,0.00,55.70
0,1523,0.00,0.00,55.58
0,1524,0.00,0.00,55.75
0,1525,0.00,0.00,55.41
0,1526,0.00,0.00,55.53
0,1527,0.00,0.00,56.30
0,1528,0.00,0.00,76.91
0,1529,0.00,0.00,54.82
0,1530,0.00,0.00,54.64
0,1531,0.00,0.00,54.68
0,1532,0.00,0.00,54.51
0,1533,0.00,0.00,54.53
0,1534,0.00,0.00,53.43
0,1535,0.00,0.00,52.76
0,1536,0.00,0.00,55.92
0,1537,0.00,0.00,53.96
0,1538,0.00,0.00,53.14
0,1539,0.00,0.00,53.11
0,1540,0.00,0.00,53.12
0,1541,0.00,0.00,53.44
0,1542,0.00,0.00,53.43
0,1543,0.00,0.00,53.07
0,1544,0.00,0.00,53.58
0,1545,0.00,0.00,53.41
0,1546,0.00,0.00,53.61
0,1547,0.00,0.00,52.75
0,1548,0.00,0.00,52.63
0,1549,0.00,0.00,54.55
0,1550,0.00,0.00,52.57
0,1551,0.00,0.00,52.41
0,1552,0.00,0.00,52.11
0,1553,0.00,0.00,70.66
0,1554,0.00,0.00,52.43
0,1555,0.00,0.00,53.25
0,1556,0.00,0.00,52.01
0,1557,0.00,0.00,52.18
0,1558,0.00,0.00,52.43
0,1559,0.00,0.00,52.22
0,1560,0.00,0.00,64.25
0,1561,0.00,0.00,52.22
0,1562,0.00,0.00,51.56
0,1563,0.00,0.00,51.97
0,1564,0.00,0.00,51.70
0,1565,0.00,0.00,54.78
0,1566,0.00,0.00,61.85
0,1567,0.00,0.00,51.50
0,1568,0.00,0.00,51.24
0,1569,0.00,0.00,69.95
0,1570,0.00,0.00,50.74
0,1571,0.00,0.00,49.92
0,1572,0.00,0.00,50.05
0,1573,0.00,0.00,51.20
0,1574,0.00,0.00,50.59
0,1575,0.00,0.00,49.87
0,1576,0.00,0.00,51.03
0,1577,0.00,0.00,52.27
0,1578,0.00,0.00,52.34
0,1579,0.00,0.00,53.05
0,1580,0.00,0.00,50.26
0,1581,0.00,0.00,50.59
0,1582,0.00,0.00,50.41
0,1583,0.00,0.00,49.96
0,1584,0.00,0.00,50.12
0,1585,0.00,0.00,49.95
0,1586,0.00,0.00,49.94
0,1587,0.00,0.00,50.96
0,1588,0.00,0.00,51.62
0,1589,0.00,0.00,51.95
0,1590,0.00,0.00,51.89
0,1591,0.00,0.00,50.94
0,1592,0.00,0.00,49.69
0,1593,0.00,0.00,48.79
0,1594,0.00,0.00,48.94
0,1595,0.00,0.00,51.07
0,1596,0.00,0.00,70.78
0,1597,0.00,0.00,52.23
0,1598,0.00,0.00,52.05
0,1599,0.00,0.00,52.05
0,1600,0.00,0.00,52.49
0,1601,0.00,0.00,52.34
0,1602,0.00,0.00,52.97
0,1603,0.00,0.00,53.00
0,1604,0.00,0.00,53.17
0,1605,0.00,0.00,66.82
0,1606,0.00,0.00,50.35
0,1607,0.00,0.00,50.31
0,1608,0.00,0.00,50.46
0,1609,0.00,0.00,50.75
0,1610,0.00,0.00,51.45
0,1611,0.00,0.00,51.50
0,1612,0.00,0.00,51.20
0,1613,0.00,0.00,65.38
0,1614,0.00,0.00,51.01
0,1615,0.00,0.00,49.76
0,1616,0.00,0.00,50.00
0,1617,0.00,0.00,50.29
0,1618,0.00,0.00,50.52
0,1619,0.00,0.00,49.65
0,1620,0.00,0.00,50.63
0,1621,0.00,0.00,53.01
0,1622,0.00,0.00,54.93
0,1623,0.00,0.00,53.47
0,1624,0.00,0.00,52.69
0,1625,0.00,0.00,49.26
0,1626,0.00,0.00,50.42
0,1627,0.00,0.00,50.15
0,1628,0.00,0.00,52.75
0,1629,0.00,0.00,53.49
0,1630,0.00,0.00,53.30
0,1631,0.00,0.00,55.10
0,1632,0.00,0.00,49.84
0,1633,0.00,0.00,50.87
0,1634,0.00,0.00,51.31
0,1635,0.00,0.00,58.44
0,1636,0.00,0.00,50.21
0,1637,0.00,0.00,1120.54
0,1638,0.00,0.00,50.69
0,1639,0.00,0.00,48.69
0,1640,0.00,0.00,48.41
0,1641,0.00,0.00,43.53
0,1642,0.00,0.00,42.61
0,1643,0.00,0.00,42.96
0,1644,0.00,0.00,43.48
0,1645,0.00,0.00,42.52
0,1646,0.00,0.00,42.22
0,1647,0.00,0.00,43.87
0,1648,0.00,0.00,53.05
0,1649,0.00,0.00,44.57
0,1650,0.00,0.00,53.50
0,1651,0.00,0.00,44.32
0,1652,0.00,0.00,45.02
0,1653,0.00,0.00,45.31
0,1654,0.00,0.00,45.25
0,1655,0.00,0.00,45.58
0,1656,0.00,0.00,47.37
0,1657,0.00,0.00,49.65
0,1658,0.00,0.00,49.67
0,1659,0.00,0.00,49.85
0,1660,0.00,0.00,50.30
0,1661,0.00,0.00,50.81
0,1662,0.00,0.00,50.56
0,1663,0.00,0.00,51.08
0,1664,0.00,0.00,51.95
0,1665,0.00,0.00,52.61
0,1666,0.00,0.00,53.02
0,1667,0.00,0.00,110.52
0,1668,0.00,0.00,43.08
0,1669,0.00,0.00,43.03
0,1670,0.00,0.00,42.71
0,1671,0.00,0.00,42.87
0,1672,0.00,0.00,42.94
0,1673,0.00,0.00,7624.41
0,1674,0.00,0.00,44.84
0,1675,0.00,0.00,43.04
0,1676,0.00,0.00,42.79
0,1677,0.00,0.00,42.66
0,1678,0.00,0.00,42.48
0,1679,0.00,0.00,42.51
0,1680,0.00,0.00,43.23
0,1681,0.00,0.00,42.59
0,1682,0.00,0.00,58.60
0,1683,0.00,0.00,41.00
0,1684,0.00,0.00,40.15
0,1685,0.00,0.00,40.72
0,1686,0.00,0.00,41.50
0,1687,0.00,0.00,41.79
0,1688,0.00,0.00,42.31
0,1689,0.00,0.00,41.73
0,1690,0.00,0.00,43.27
0,1691,0.00,0.00,44.97
0,1692,0.00,0.00,45.98
0,1693,0.00,0.00,46.80
0,1694,0.00,0.00,44.74
0,1695,0.00,0.00,46.63
0,1696,0.00,0.00,47.37
0,1697,0.00,0.00,46.23
0,1698,0.00,0.00,46.54
0,1699,0.00,0.00,50.62
0,1700,0.00,0.00,51.33
0,1701,0.00,0.00,51.29
0,1702,0.00,0.00,52.33
0,1703,0.00,0.00,51.16
0,1704,0.00,0.00,50.67
0,1705,0.00,0.00,51.92
0,1706,0.00,0.00,51.76
0,1707,0.00,0.00,50.82
0,1708,0.00,0.00,51.83
0,1709,0.00,0.00,55.12
0,1710,0.00,0.00,53.78
0,1711,0.00,0.00,84.62
0,1712,0.00,0.00,52.70
0,1713,0.00,0.00,53.59
0,1714,0.00,0.00,54.51
0,1715,0.00,0.00,53.89
0,1716,0.00,0.00,54.17
0,1717,0.00,0.00,55.51
0,1718,0.00,0.00,62.63
0,1719,0.00,0.00,71.15
0,1720,0.00,0.00,54.79
0,1721,0.00,0.00,55.33
0,1722,0.00,0.00,54.53
0,1723,0.00,0.00,52.05
0,1724,0.00,0.00,52.35
0,1725,0.00,0.00,52.66
0,1726,0.00,0.00,52.08
0,1727,0.00,0.00,52.67
0,1728,0.00,0.00,52.79
0,1729,0.00,0.00,52.66
0,1730,0.00,0.00,52.50
0,1731,0.00,0.00,52.68
0,1732,0.00,0.00,52.10
0,1733,0.00,0.00,52.86
0,1734,0.00,0.00,54.57
0,1735,0.00,0.00,71.41
0,1736,0.00,0.00,55.14
0,1737,0.00,0.00,53.29
0,1738,0.00,0.00,51.70
0,1739,0.00,0.00,51.47
0,1740,0.00,0.00,51.33
0,1741,0.00,0.00,55.31
0,1742,0.00,0.00,55.53
0,1743,0.00,0.00,66.52
0,1744,0.00,0.00,54.22
0,1745,0.00,0.00,52.32
0,1746,0.00,0.00,52.36
0,1747,0.00,0.00,53.34
0,1748,0.00,0.00,53.84
0,1749,0.00,0.00,53.19
0,1750,0.00,0.00,52.90
0,1751,0.00,0.00,52.86
0,1752,0.00,0.00,52.35
0,1753,0.00,0.00,52.71
0,1754,0.00,0.00,52.20
0,1755,0.00,0.00,52.26
0,1756,0.00,0.00,52.19
0,1757,0.00,0.00,51.78
0,1758,0.00,0.00,52.21
0,1759,0.00,0.00,52.05
0,1760,0.00,0.00,51.51
0,1761,0.00,0.00,69.61
0,1762,0.00,0.00,51.41
0,1763,0.00,0.00,49.81
0,1764,0.00,0.00,50.43
0,1765,0.00,0.00,50.04
0,1766,0.00,0.00,51.73
0,1767,0.00,0.00,51.90
0,1768,0.00,0.00,50.37
0,1769,0.00,0.00,67.26
0,1770,0.00,0.00,50.09
0,1771,0.00,0.00,49.77
0,1772,0.00,0.00,49.95
0,1773,0.00,0.00,49.95
0,1774,0.00,0.00,49.71
0,1775,0.00,0.00,49.70
0,1776,0.00,0.00,50.15
0,1777,0.00,0.00,49.79
0,1778,0.00,0.00,69.70
0,1779,0.00,0.00,49.92
0,1780,0.00,0.00,49.46
0,1781,0.00,0.00,50.21
0,1782,0.00,0.00,49.52
0,1783,0.00,0.00,49.54
0,1784,0.00,0.00,59.10
0,1785,0.00,0.00,50.22
0,1786,0.00,0.00,48.53
0,1787,0.00,0.00,64.94
0,1788,0.00,0.00,48.53
0,1789,0.00,0.00,10689.87
0,1790,0.00,0.00,41.09
0,1791,0.00,0.00,39.04
0,1792,0.00,0.00,39.05
0,1793,0.00,0.00,38.43
0,1794,0.00,0.00,38.24
0,1795,0.00,0.00,38.49
0,1796,0.00,0.00,39.74
0,1797,0.00,0.00,43.24
0,1798,0.00,0.00,42.05
0,1799,0.00,0.00,53.36
0,1800,0.00,0.00,42.21
0,1801,0.00,0.00,44.11
0,1802,0.00,0.00,44.14
0,1803,0.00,0.00,44.41
0,1804,0.00,0.00,44.77
0,1805,0.00,0.00,44.76
0,1806,0.00,0.00,45.55
0,1807,0.00,0.00,46.61
0,1808,0.00,0.00,45.65
0,1809,0.00,0.00,65.07
0,1810,0.00,0.00,47.57
0,1811,0.00,0.00,52.79
0,1812,0.00,0.00,47.60
0,1813,0.00,0.00,54.65
0,1814,0.00,0.00,49.86
0,1815,0.00,0.00,49.60
0,1816,0.00,0.00,49.79
0,1817,0.00,0.00,52.56
0,1818,0.00,0.00,51.72
0,1819,0.00,0.00,52.14
0,1820,0.00,0.00,51.58
0,1821,0.00,0.00,51.79
0,1822,0.00,0.00,51.48
0,1823,0.00,0.00,51.48
0,1824,0.00,0.00,52.70
0,1825,0.00,0.00,54.41
0,1826,0.00,0.00,53.76
0,1827,0.00,0.00,53.70
0,1828,0.00,0.00,54.44
0,1829,0.00,0.00,55.40
0,1830,0.00,0.00,56.46
0,1831,0.00,0.00,54.04
0,1832,0.00,0.00,51.40
0,1833,0.00,0.00,52.86
0,1834,0.00,0.00,52.76
0,1835,0.00,0.00,76.60
0,1836,0.00,0.00,54.36
0,1837,0.00,0.00,54.26
0,1838,0.00,0.00,53.47
0,1839,0.00,0.00,51.37
0,1840,0.00,0.00,52.01
0,1841,0.00,0.00,50.63
0,1842,0.00,0.00,54.49
0,1843,0.00,0.00,72.59
0,1844,0.00,0.00,55.08
0,1845,0.00,0.00,53.96
0,1846,0.00,0.00,52.06
0,1847,0.00,0.00,53.00
0,1848,0.00,0.00,53.78
0,1849,0.00,0.00,52.40
0,1850,0.00,0.00,52.11
0,1851,0.00,0.00,52.54
0,1852,0.00,0.00,71.36
0,1853,0.00,0.00,52.46
0,1854,0.00,0.00,52.51
0,1855,0.00,0.00,53.08
0,1856,0.00,0.00,53.74
0,1857,0.00,0.00,52.51
0,1858,0.00,0.00,52.43
0,1859,0.00,0.00,52.60
0,1860,0.00,0.00,68.93
0,1861,0.00,0.00,52.67
0,1862,0.00,0.00,52.39
0,1863,0.00,0.00,52.39
0,1864,0.00,0.00,10607.60
0,1865,0.00,0.00,50.27
0,1866,0.00,0.00,47.11
0,1867,0.00,0.00,46.96
0,1868,0.00,0.00,47.06
0,1869,0.00,0.00,47.11
0,1870,0.00,0.00,47.54
0,1871,0.00,0.00,47.31
0,1872,0.00,0.00,47.78
0,1873,0.00,0.00,48.51
0,1874,0.00,0.00,48.86
0,1875,0.00,0.00,48.08
0,1876,0.00,0.00,45.23
0,1877,0.00,0.00,47.38
0,1878,0.00,0.00,50.70
0,1879,0.00,0.00,48.98
0,1880,0.00,0.00,49.13
0,1881,0.00,0.00,63.17
0,1882,0.00,0.00,51.00
0,1883,0.00,0.00,50.03
0,1884,0.00,0.00,50.04
0,1885,0.00,0.00,51.15
0,1886,0.00,0.00,51.46
0,1887,0.00,0.00,51.36
0,1888,0.00,0.00,51.42
0,1889,0.00,0.00,56.09
0,1890,0.00,0.00,53.08
0,1891,0.00,0.00,54.32
0,1892,0.00,0.00,54.42
0,1893,0.00,0.00,55.06
0,1894,0.00,0.00,55.07
0,1895,0.00,0.00,55.21
0,1896,0.00,0.00,50.10
0,1897,0.00,0.00,50.42
0,1898,0.00,0.00,50.68
0,1899,0.00,0.00,55.06
0,1900,0.00,0.00,54.73
0,1901,0.00,0.00,54.86
0,1902,0.00,0.00,54.64
0,1903,0.00,0.00,55.16
0,1904,0.00,0.00,54.85
0,1905,0.00,0.00,55.39
0,1906,0.00,0.00,55.75
0,1907,0.00,0.00,55.60
0,1908,0.00,0.00,55.61
0,1909,0.00,0.00,56.64
0,1910,0.00,0.00,61.68
0,1911,0.00,0.00,56.21
0,1912,0.00,0.00,56.55
0,1913,0.00,0.00,60.44
0,1914,0.00,0.00,76.14
0,1915,0.00,0.00,57.17
0,1916,0.00,0.00,57.70
0,1917,0.00,0.00,57.82
0,1918,0.00,0.00,57.95
0,1919,0.00,0.00,58.67
0,1920,0.00,0.00,59.35
0,1921,0.00,0.00,58.66
0,1922,0.00,0.00,59.60
0,1923,0.00,0.00,59.95
0,1924,0.00,0.00,60.94
0,1925,0.00,0.00,59.11
0,1926,0.00,0.00,56.88
0,1927,0.00,0.00,56.38
0,1928,0.00,0.00,56.33
0,1929,0.00,0.00,60.70
0,1930,0.00,0.00,62.43
0,1931,0.00,0.00,61.36
0,1932,0.00,0.00,61.27
0,1933,0.00,0.00,62.15
0,1934,0.00,0.00,61.10
0,1935,0.00,0.00,59.16
0,1936,0.00,0.00,57.77
0,1937,0.00,0.00,57.70
0,1938,0.00,0.00,59.46
0,1939,0.00,0.00,62.68
0,1940,0.00,0.00,10180.21
0,1941,0.00,0.00,61.25
0,1942,0.00,0.00,57.71
0,1943,0.00,0.00,57.07
0,1944,0.00,0.00,56.98
0,1945,0.00,0.00,64.94
0,1946,0.00,0.00,51.51
0,1947,0.00,0.00,50.37
0,1948,0.00,0.00,50.83
0,1949,0.00,0.00,51.69
0,1950,0.00,0.00,51.04
0,1951,0.00,0.00,51.02
0,1952,0.00,0.00,53.44
0,1953,0.00,0.00,52.83
0,1954,0.00,0.00,52.24
0,1955,0.00,0.00,54.65
0,1956,0.00,0.00,53.91
0,1957,0.00,0.00,53.83
0,1958,0.00,0.00,54.31
0,1959,0.00,0.00,56.61
0,1960,0.00,0.00,55.00
0,1961,0.00,0.00,54.24
0,1962,0.00,0.00,54.16
0,1963,0.00,0.00,56.75
0,1964,0.00,0.00,56.37
0,1965,0.00,0.00,56.09
0,1966,0.00,0.00,57.70
0,1967,0.00,0.00,57.71
0,1968,0.00,0.00,57.88
0,1969,0.00,0.00,57.84
0,1970,0.00,0.00,55.91
0,1971,0.00,0.00,56.66
0,1972,0.00,0.00,75.14
0,1973,0.00,0.00,61.71
0,1974,0.00,0.00,59.98
0,1975,0.00,0.00,60.84
0,1976,0.00,0.00,59.78
0,1977,0.00,0.00,58.65
0,1978,0.00,0.00,61.02
0,1979,0.00,0.00,62.86
0,1980,0.00,0.00,64.06
0,1981,0.00,0.00,63.12
0,1982,0.00,0.00,62.45
0,1983,0.00,0.00,61.46
0,1984,0.00,0.00,62.26
0,1985,0.00,0.00,62.03
0,1986,0.00,0.00,63.11
0,1987,0.00,0.00,62.73
0,1988,0.00,0.00,63.95
0,1989,0.00,0.00,63.95
0,1990,0.00,0.00,65.03
0,1991,0.00,0.00,66.27
0,1992,0.00,0.00,64.82
0,1993,0.00,0.00,64.27
0,1994,0.00,0.00,66.81
0,1995,0.00,0.00,98.07
0,1996,0.00,0.00,66.00
0,1997,0.00,0.00,61.45
0,1998,0.00,0.00,61.95
0,1999,0.00,0.00,61.65
1048576,0,0.03,17.25,76.36
1048576,1,0.03,48.17,106.00
1048576,2,0.03,15.10,260.05
1048576,3,0.03,35.62,101.46
1048576,4,0.03,15.67,101.17
1048576,5,0.03,51.14,65.02
1048576,6,0.03,15.23,46.13
1048576,7,0.02,113.99,48.03
1048576,8,0.03,15.97,80.12
1048576,9,0.03,16.10,112.00
1048576,10,0.03,15.36,146.08
1048576,11,0.03,15.38,74.40
1048576,12,0.03,15.31,45.97
1048576,13,0.02,15.24,46.26
1048576,14,0.02,15.40,46.21
1048576,15,0.02,15.22,48.09
1048576,16,0.02,15.43,46.91
1048576,17,0.02,15.33,46.44
1048576,18,0.02,15.33,48.68
1048576,19,0.02,17.36,48.83
1048576,20,0.02,15.88,77.26
1048576,21,0.03,50.71,48.93
1048576,22,0.03,16.04,48.18
1048576,23,0.03,16.45,49.69
1048576,24,0.03,16.20,49.09
1048576,25,0.02,16.18,49.41
1048576,26,0.02,16.46,49.70
1048576,27,0.02,16.44,49.74
1048576,28,0.02,22.63,49.92
1048576,29,0.02,16.63,50.00
1048576,30,0.03,16.78,49.83
1048576,31,0.03,18.88,66.15
1048576,32,0.03,16.36,233.83
1048576,33,0.04,16.42,170.60
1048576,34,0.03,43.27,174.94
1048576,35,0.03,59.96,269.48
1048576,36,0.03,501.60,106.10
1048576,37,0.03,15.18,548.08
1048576,38,0.06,16.67,46.12
1048576,39,0.02,14.29,43.67
1048576,40,0.02,14.14,52.44
1048576,41,0.02,14.19,43.45
1048576,42,0.02,14.08,42.79
1048576,43,0.02,14.06,42.73
1048576,44,0.02,14.00,42.67
1048576,45,0.02,14.08,42.82
1048576,46,0.02,14.04,43.97
1048576,47,0.02,15.45,47.70
1048576,48,0.02,15.41,47.37
1048576,49,0.02,15.41,48.39
1048576,50,0.02,16.76,51.61
1048576,51,0.02,16.68,100.50
1048576,52,0.08,18.21,51.55
1048576,53,0.02,15.57,48.00
1048576,54,0.02,15.65,47.59
1048576,55,0.02,15.60,47.52
1048576,56,0.02,15.58,47.47
1048576,57,0.02,15.63,48.89
1048576,58,0.02,16.19,49.22
1048576,59,0.02,16.34,51.21
1048576,60,0.02,16.20,64.70
1048576,61,0.03,17.83,53.69
1048576,62,0.03,17.62,53.57
1048576,63,0.02,17.62,55.66
1048576,64,0.02,18.26,73.49
1048576,65,0.02,18.33,56.15
1048576,66,0.02,19.21,54.87
1048576,67,0.03,17.80,54.76
1048576,68,0.03,17.82,70.73
1048576,69,0.03,19.96,60.60
1048576,70,0.03,20.12,59.10
1048576,71,0.03,34.71,56.53
1048576,72,0.03,18.27,55.67
1048576,73,0.02,18.20,60.04
1048576,74,0.03,19.75,60.20
1048576,75,0.03,19.43,59.30
1048576,76,0.03,18.94,58.65
1048576,77,0.02,18.84,57.75
1048576,78,0.02,21.85,59.53
1048576,79,0.03,19.10,58.23
1048576,80,0.03,19.15,58.16
1048576,81,0.02,19.85,61.65
1048576,82,0.03,19.86,61.05
1048576,83,0.02,19.75,61.87
1048576,84,0.02,20.04,61.06
1048576,85,0.03,19.89,61.15
1048576,86,0.12,19.93,61.92
1048576,87,0.03,20.06,61.39
1048576,88,0.03,20.60,64.25
1048576,89,0.03,20.40,62.96
1048576,90,0.03,20.63,80.55
1048576,91,0.03,20.71,62.92
1048576,92,0.03,20.67,62.83
1048576,93,0.03,20.84,63.45
1048576,94,0.04,21.27,63.81
1048576,95,0.03,20.21,60.23
1048576,96,0.03,19.70,59.80
1048576,97,0.02,19.68,62.44
1048576,98,0.03,20.84,63.15
1048576,99,0.03,21.47,66.10
1048576,100,0.03,23.12,69.21
1048576,101,0.03,23.13,69.57
1048576,102,0.03,25.65,65.51
1048576,103,0.03,21.49,65.21
1048576,104,0.04,21.42,74.47
1048576,105,0.04,21.56,65.62
1048576,106,0.03,21.26,66.59
1048576,107,0.03,21.84,66.18
1048576,108,0.03,21.71,71.50
1048576,109,0.04,21.47,65.05
1048576,110,0.03,21.18,64.96
1048576,111,0.04,21.42,89.58
1048576,112,0.04,21.50,64.80
1048576,113,0.03,21.11,62.87
1048576,114,0.03,20.57,62.09
1048576,115,0.03,20.62,62.40
1048576,116,0.03,20.54,62.35
1048576,117,0.03,20.49,63.41
1048576,118,0.03,21.47,64.83
1048576,119,0.03,21.24,63.46
1048576,120,0.03,21.13,63.07
1048576,121,0.03,21.22,64.04
1048576,122,0.03,21.24,64.34
1048576,123,0.03,21.30,64.28
1048576,124,0.03,23.89,65.72
1048576,125,0.03,21.53,64.32
1048576,126,0.03,21.83,62.83
1048576,127,0.03,20.46,61.57
1048576,128,0.03,20.52,62.96
1048576,129,0.03,21.65,66.48
1048576,130,0.03,21.67,66.69
1048576,131,0.03,21.55,65.38
1048576,132,0.03,21.48,78.27
1048576,133,0.04,21.68,65.92
1048576,134,0.04,21.81,66.36
1048576,135,0.04,23.34,66.91
1048576,136,0.04,22.04,66.67
1048576,137,0.03,21.90,67.25
1048576,138,0.03,22.59,67.44
1048576,139,0.03,21.97,67.59
1048576,140,0.03,22.34,80.23
1048576,141,0.04,22.58,67.96
1048576,142,0.04,22.22,156.11
1048576,143,0.16,17.29,47.48
1048576,144,0.02,15.29,47.08
1048576,145,0.08,41.74,48.51
1048576,146,0.03,14.87,45.85
1048576,147,0.02,14.70,45.01
1048576,148,0.02,14.74,45.56
1048576,149,0.02,14.71,44.78
1048576,150,0.02,14.66,43.22
1048576,151,0.02,14.11,43.30
1048576,152,0.02,15.10,54.19
1048576,153,0.02,15.31,46.70
1048576,154,0.02,15.23,47.27
1048576,155,0.02,15.20,46.66
1048576,156,0.03,15.17,46.68
1048576,157,0.02,15.23,54.72
1048576,158,0.02,16.70,50.08
1048576,159,0.02,16.56,50.81
1048576,160,0.02,16.67,51.94
1048576,161,0.02,17.21,52.52
1048576,162,0.02,17.20,62.95
1048576,163,0.03,17.16,53.15
1048576,164,0.03,17.80,54.43
1048576,165,0.02,17.78,53.98
1048576,166,0.03,17.75,55.54
1048576,167,0.03,17.47,53.77
1048576,168,0.02,17.41,53.18
1048576,169,0.02,19.35,60.78
1048576,170,0.02,19.66,59.79
1048576,171,0.03,19.55,58.54
1048576,172,0.02,18.77,57.02
1048576,173,0.02,18.67,57.76
1048576,174,0.02,19.76,64.00
1048576,175,0.03,21.22,65.08
1048576,176,0.03,21.20,63.42
1048576,177,0.04,19.30,59.10
1048576,178,0.02,19.21,59.45
1048576,179,0.03,19.35,63.68
1048576,180,0.03,21.18,64.14
1048576,181,0.03,21.04,63.22
1048576,182,0.03,20.43,62.57
1048576,183,0.03,20.43,71.48
1048576,184,0.04,21.13,63.21
1048576,185,0.03,20.96,75.70
1048576,186,0.04,21.06,63.05
1048576,187,0.04,20.78,63.01
1048576,188,0.02,20.76,64.97
1048576,189,0.02,21.57,78.97
1048576,190,0.14,21.44,66.32
1048576,191,0.03,22.19,66.09
1048576,192,0.04,21.82,67.48
1048576,193,0.03,22.35,67.41
1048576,194,0.03,22.33,67.68
1048576,195,0.03,22.02,66.31
1048576,196,0.03,21.97,69.38
1048576,197,0.03,22.90,68.86
1048576,198,0.03,22.90,68.51
1048576,199,0.03,22.73,69.09
1048576,200,0.03,23.21,69.86
1048576,201,0.03,23.25,73.40
1048576,202,0.03,22.96,68.16
1048576,203,0.04,22.71,69.57
1048576,204,0.03,23.54,76.71
1048576,205,0.03,49.27,67.89
1048576,206,0.04,22.04,66.76
1048576,207,0.04,26.51,70.32
1048576,208,0.04,23.46,71.81
1048576,209,0.04,23.65,71.96
1048576,210,0.04,24.50,73.01
1048576,211,0.03,24.01,71.30
1048576,212,0.03,22.54,69.38
1048576,213,0.03,22.74,70.03
1048576,214,0.03,25.29,75.16
1048576,215,0.04,24.16,73.03
1048576,216,0.03,24.68,74.47
1048576,217,0.03,25.02,75.14
1048576,218,0.03,24.02,72.62
1048576,219,0.04,24.15,72.74
1048576,220,0.05,24.42,73.63
1048576,221,0.03,24.47,72.57
1048576,222,0.03,23.23,70.67
1048576,223,0.03,23.30,70.55
1048576,224,0.04,35.39,71.79
1048576,225,0.04,30.81,71.35
1048576,226,0.04,22.96,69.41
1048576,227,0.03,23.09,70.05
1048576,228,0.03,21.83,859.38
1048576,229,0.08,14.54,43.85
1048576,230,0.02,13.74,55.64
1048576,231,0.02,13.77,40.82
1048576,232,0.02,13.09,39.93
1048576,233,0.02,13.09,41.29
1048576,234,0.02,13.08,39.83
1048576,235,0.02,13.10,44.49
1048576,236,0.02,14.68,44.59
1048576,237,0.02,14.67,44.82
1048576,238,0.02,29.58,49.92
1048576,239,0.03,16.35,49.01
1048576,240,0.03,16.22,51.32
1048576,241,0.03,16.18,48.58
1048576,242,0.03,15.86,57.57
1048576,243,0.02,15.97,48.65
1048576,244,0.02,16.67,52.18
1048576,245,0.02,16.83,62.17
1048576,246,0.03,40.32,54.37
1048576,247,0.03,17.77,53.74
1048576,248,0.02,20.46,54.01
1048576,249,0.02,17.70,63.27
1048576,250,0.03,17.91,63.73
1048576,251,0.03,28.49,67.99
1048576,252,0.02,13.79,41.23
1048576,253,0.02,13.28,40.50
1048576,254,0.02,13.23,40.01
1048576,255,0.02,13.25,40.05
1048576,256,0.02,14.14,129.35
1048576,257,0.03,14.43,52.96
1048576,258,0.03,14.46,44.36
1048576,259,0.02,14.54,44.01
1048576,260,0.02,14.52,44.11
1048576,261,0.02,14.53,44.57
1048576,262,0.02,15.08,45.28
1048576,263,0.02,14.90,45.04
1048576,264,0.02,14.85,45.39
1048576,265,0.02,15.35,47.29
1048576,266,0.03,15.28,46.83
1048576,267,0.02,16.06,47.71
1048576,268,0.02,16.37,49.72
1048576,269,0.02,16.43,49.76
1048576,270,0.03,16.36,49.86
1048576,271,0.02,16.43,51.19
1048576,272,0.02,17.19,52.11
1048576,273,0.02,17.06,52.48
1048576,274,0.02,17.19,54.73
1048576,275,0.02,17.85,55.05
1048576,276,0.03,18.11,54.79
1048576,277,0.02,17.94,54.77
1048576,278,0.02,18.10,55.73
1048576,279,0.02,18.24,54.48
1048576,280,0.02,17.94,54.79
1048576,281,0.02,17.56,54.15
1048576,282,0.02,17.67,66.03
1048576,283,0.03,18.88,64.32
1048576,284,0.03,18.12,55.22
1048576,285,0.03,19.49,59.04
1048576,286,0.11,19.84,60.01
1048576,287,0.02,19.07,57.09
1048576,288,0.02,18.56,57.51
1048576,289,0.02,18.91,57.53
1048576,290,0.03,19.41,58.78
1048576,291,0.03,19.28,58.88
1048576,292,0.03,19.45,66.85
1048576,293,0.02,19.89,60.28
1048576,294,0.02,20.84,58.50
1048576,295,0.03,18.77,58.35
1048576,296,0.03,18.58,60.14
1048576,297,0.02,18.75,57.40
1048576,298,0.02,19.11,57.02
1048576,299,0.10,18.79,58.34
1048576,300,0.11,20.01,60.50
1048576,301,0.02,20.05,60.62
1048576,302,0.02,19.80,60.76
1048576,303,0.02,19.89,59.78
1048576,304,0.03,19.79,60.61
1048576,305,0.02,20.14,62.53
1048576,306,0.03,23.61,71.93
1048576,307,0.03,19.13,57.86
1048576,308,0.03,19.29,57.68
1048576,309,0.03,19.51,68.61
1048576,310,0.04,22.29,68.34
1048576,311,0.04,22.27,60.53
1048576,312,0.02,19.15,58.65
1048576,313,0.03,19.19,58.46
1048576,314,0.04,19.67,59.76
1048576,315,0.02,20.17,61.50
1048576,316,0.03,19.76,63.68
1048576,317,0.03,21.18,64.42
1048576,318,0.03,24.57,66.12
1048576,319,0.03,21.07,64.73
1048576,320,0.03,21.48,69.23
1048576,321,0.04,20.39,61.24
1048576,322,0.03,19.96,61.28
1048576,323,0.03,19.91,66.87
1048576,324,0.03,21.98,66.26
1048576,325,0.03,21.72,66.59
1048576,326,0.04,21.82,66.81
1048576,327,0.03,21.75,76.66
1048576,328,0.03,20.80,61.64
1048576,329,0.03,23.73,61.71
1048576,330,0.03,20.50,61.93
1048576,331,0.03,20.50,62.62
1048576,332,0.03,20.43,62.17
1048576,333,0.03,20.46,62.34
1048576,334,0.03,20.58,62.98
1048576,335,0.03,318.16,64.48
1048576,336,0.04,20.22,90.66
1048576,337,0.04,20.59,59.66
1048576,338,0.03,19.87,89.94
1048576,339,0.06,16.27,47.72
1048576,340,0.03,20.33,56.17
1048576,341,0.02,15.67,47.81
1048576,342,0.02,15.60,74.38
1048576,343,0.05,19.94,59.88
1048576,344,0.03,19.81,60.12
1048576,345,0.02,19.76,70.61
1048576,346,0.04,19.93,60.53
1048576,347,0.03,19.80,60.47
1048576,348,0.03,19.84,60.18
1048576,349,0.02,19.63,58.88
1048576,350,0.03,19.20,58.95
1048576,351,0.02,19.09,57.96
1048576,352,0.02,19.13,96.40
1048576,353,0.03,19.28,58.22
1048576,354,0.03,19.12,57.71
1048576,355,0.03,19.28,58.03
1048576,356,0.02,19.19,57.97
1048576,357,0.03,19.43,58.42
1048576,358,0.03,19.17,58.20
1048576,359,0.02,19.15,59.52
1048576,360,0.02,19.05,59.15
1048576,361,0.02,19.15,56.23
1048576,362,0.02,311.94,145.15
1048576,363,0.08,17.07,56.97
1048576,364,0.03,14.69,56.36
1048576,365,0.05,15.17,72.40
1048576,366,0.03,14.99,45.63
1048576,367,0.02,21.78,41.43
1048576,368,0.02,13.54,40.52
1048576,369,0.02,13.45,40.49
1048576,370,0.02,13.44,40.56
1048576,371,0.02,13.44,40.39
1048576,372,0.02,13.19,40.22
1048576,373,0.02,13.12,40.73
1048576,374,0.02,13.28,40.81
1048576,375,0.02,20.39,41.25
1048576,376,0.02,13.67,50.10
1048576,377,0.02,13.89,48.76
1048576,378,0.02,13.67,56.72
1048576,379,0.02,14.30,43.17
1048576,380,0.02,14.17,61.25
1048576,381,0.02,14.31,59.40
1048576,382,0.02,14.58,51.20
1048576,383,0.03,14.57,52.15
1048576,384,0.03,14.55,44.08
1048576,385,0.02,14.88,66.70
1048576,386,0.05,15.33,41.39
1048576,387,0.02,13.08,40.47
1048576,388,0.02,13.08,41.25
1048576,389,0.02,13.34,40.95
1048576,390,0.02,13.34,43.47
1048576,391,0.02,13.41,49.65
1048576,392,0.02,13.97,42.18
1048576,393,0.02,13.86,42.15
1048576,394,0.02,13.82,43.16
1048576,395,0.02,14.85,45.09
1048576,396,0.02,14.88,45.33
1048576,397,0.02,14.93,45.34
1048576,398,0.02,14.98,233.60
1048576,399,0.06,318.64,47.57
1048576,400,0.03,12.80,47.44
1048576,401,0.02,13.29,39.97
1048576,402,0.02,23.52,40.98
1048576,403,0.02,13.23,69.73
1048576,404,0.03,14.89,53.66
1048576,405,0.02,14.89,56.01
1048576,406,0.03,14.80,63.05
1048576,407,0.03,22.42,856.63
1048576,408,0.07,14.73,55.33
1048576,409,0.02,14.21,43.47
1048576,410,0.02,14.08,43.07
1048576,411,0.02,13.74,42.68
1048576,412,0.02,13.86,42.93
1048576,413,0.02,13.86,42.92
1048576,414,0.02,13.76,42.42
1048576,415,0.02,14.46,45.62
1048576,416,0.02,14.82,45.42
1048576,417,0.02,14.77,46.17
1048576,418,0.02,14.78,46.79
1048576,419,0.02,15.18,47.08
1048576,420,0.02,15.09,47.06
1048576,421,0.02,15.17,47.45
1048576,422,0.02,15.41,47.17
1048576,423,0.02,15.42,47.71
1048576,424,0.02,15.32,50.20
1048576,425,0.02,16.66,52.71
1048576,426,0.02,16.70,51.72
1048576,427,0.02,16.54,49.04
1048576,428,0.02,21.73,49.05
1048576,429,0.02,16.22,49.05
1048576,430,0.02,17.04,51.17
1048576,431,0.02,16.80,51.55
1048576,432,0.02,20.20,65.29
1048576,433,0.02,18.58,56.23
1048576,434,0.02,18.30,56.23
1048576,435,0.03,17.85,51.96
1048576,436,0.02,25.49,52.19
1048576,437,0.03,17.00,64.18
1048576,438,0.03,17.69,53.23
1048576,439,0.03,17.58,53.01
1048576,440,0.03,17.50,55.87
1048576,441,0.02,18.64,56.20
1048576,442,0.02,18.62,55.84
1048576,443,0.02,18.10,54.99
1048576,444,0.02,18.13,55.18
1048576,445,0.03,20.36,56.09
1048576,446,0.02,18.47,56.31
1048576,447,0.03,18.64,56.94
1048576,448,0.03,18.83,57.41
1048576,449,0.02,18.72,56.48
1048576,450,0.03,18.90,54.92
1048576,451,0.02,18.02,55.05
1048576,452,0.02,18.03,55.37
1048576,453,0.03,18.10,55.52
1048576,454,0.02,18.29,55.22
1048576,455,0.03,18.17,58.09
1048576,456,0.03,20.14,60.93
1048576,457,0.02,20.32,62.33
1048576,458,0.03,20.78,58.27
1048576,459,0.03,19.36,58.64
1048576,460,0.03,29.45,60.08
1048576,461,0.03,19.73,59.77
1048576,462,0.03,19.52,59.76
1048576,463,0.03,19.80,60.40
1048576,464,0.03,19.81,67.87
1048576,465,0.04,20.09,57.63
1048576,466,0.03,18.81,57.68
1048576,467,0.03,18.79,56.80
1048576,468,0.03,18.95,57.49
1048576,469,0.02,18.92,58.51
1048576,470,0.03,22.68,59.97
1048576,471,0.03,19.71,60.31
1048576,472,0.02,19.79,60.65
1048576,473,0.03,20.11,61.01
1048576,474,0.03,20.18,60.66
1048576,475,0.03,20.16,64.04
1048576,476,0.03,20.04,60.30
1048576,477,0.02,19.94,61.09
1048576,478,0.02,20.64,62.50
1048576,479,0.03,21.02,66.87
1048576,480,0.03,20.07,58.58
1048576,481,0.03,19.21,58.55
1048576,482,0.02,21.67,71.79
1048576,483,0.04,24.53,71.24
1048576,484,0.04,21.07,61.91
1048576,485,0.03,21.63,59.34
1048576,486,0.03,19.59,59.99
1048576,487,0.03,19.56,61.86
1048576,488,0.03,19.74,58.92
1048576,489,0.12,19.93,61.16
1048576,490,0.02,19.55,59.64
1048576,491,0.03,19.43,59.01
1048576,492,0.03,20.37,61.23
1048576,493,0.03,20.27,61.32
1048576,494,0.03,23.11,63.68
1048576,495,0.02,20.32,61.83
1048576,496,0.04,20.32,60.30
1048576,497,0.02,20.22,59.48
1048576,498,0.03,20.10,59.88
1048576,499,0.03,19.77,58.73
1048576,500,0.02,20.00,60.36
1048576,501,0.02,19.81,59.13
1048576,502,0.02,19.67,59.07
1048576,503,0.03,19.67,58.26
1048576,504,0.02,19.79,72.44
1048576,505,0.03,20.41,62.36
1048576,506,0.03,23.74,62.30
1048576,507,0.03,20.72,62.63
1048576,508,0.03,20.64,61.83
1048576,509,0.03,19.40,58.94
1048576,510,0.03,19.36,58.37
1048576,511,0.03,19.33,60.75
1048576,512,0.03,19.99,60.68
1048576,513,0.02,19.78,60.44
1048576,514,0.03,19.80,60.86
1048576,515,0.02,19.73,60.19
1048576,516,0.02,20.06,300.51
1048576,517,0.08,12.66,56.64
1048576,518,0.02,12.41,47.69
1048576,519,0.02,12.37,47.74
1048576,520,0.02,13.11,47.26
1048576,521,0.02,23.16,53.73
1048576,522,0.02,22.58,48.21
1048576,523,0.02,23.55,41.98
1048576,524,0.02,20.76,51.67
1048576,525,0.03,20.81,59.45
1048576,526,0.02,24.20,103.69
1048576,527,0.02,20.93,61.09
1048576,528,0.03,47.11,116.73
1048576,529,0.04,32.18,53.03
1048576,530,0.03,14.81,56.85
1048576,531,0.03,21.92,43.89
1048576,532,0.02,24.63,44.15
1048576,533,0.03,14.31,58.90
1048576,534,0.02,15.61,75.30
1048576,535,0.03,25.61,55.65
1048576,536,0.03,25.82,64.40
1048576,537,0.03,32.36,77.44
1048576,538,0.03,56.47,58.45
1048576,539,0.02,23.14,49.29
1048576,540,0.02,13.65,41.52
1048576,541,0.02,13.57,249.88
1048576,542,0.04,14.63,112.95
1048576,543,0.05,13.01,39.06
1048576,544,0.02,24.71,47.17
1048576,545,0.03,200.92,42.30
1048576,546,0.03,13.63,42.41
1048576,547,0.02,13.55,40.84
1048576,548,0.02,13.59,41.06
1048576,549,0.02,13.60,42.28
1048576,550,0.02,14.32,42.38
1048576,551,0.02,14.38,54.96
1048576,552,0.02,14.26,45.78
1048576,553,0.02,15.88,48.14
1048576,554,0.03,16.10,49.22
1048576,555,0.03,16.00,49.19
1048576,556,0.02,16.54,50.67
1048576,557,0.02,16.70,50.27
1048576,558,0.02,16.93,52.48
1048576,559,0.02,17.83,53.68
1048576,560,0.02,17.78,54.07
1048576,561,0.02,18.48,58.82
1048576,562,0.02,19.12,58.66
1048576,563,0.04,19.22,69.58
1048576,564,0.03,18.55,55.88
1048576,565,0.03,18.25,60.46
1048576,566,0.02,31.74,40.50
1048576,567,0.02,20.64,39.86
1048576,568,0.02,12.96,39.31
1048576,569,0.02,12.89,39.16
1048576,570,0.02,12.93,39.81
1048576,571,0.02,12.86,39.42
1048576,572,0.02,22.69,39.59
1048576,573,0.02,12.94,41.46
1048576,574,0.02,14.43,44.11
1048576,575,0.02,19.45,43.93
1048576,576,0.02,22.99,45.74
1048576,577,0.03,15.11,45.75
1048576,578,0.02,15.07,45.54
1048576,579,0.02,22.28,48.75
1048576,580,0.03,21.25,47.01
1048576,581,0.02,15.58,48.17
1048576,582,0.03,18.56,48.62
1048576,583,0.02,16.12,51.72
1048576,584,0.02,16.63,48.95
1048576,585,0.02,16.19,49.39
1048576,586,0.02,16.62,53.36
1048576,587,0.03,16.93,61.56
1048576,588,0.03,17.14,50.92
1048576,589,0.03,18.33,64.02
1048576,590,0.03,19.09,57.40
1048576,591,0.02,19.27,785.20
1048576,592,0.06,15.19,54.77
1048576,593,0.03,22.43,56.47
1048576,594,0.03,14.66,45.17
1048576,595,0.02,22.73,57.95
1048576,596,0.02,13.35,64.31
1048576,597,0.02,13.29,50.21
1048576,598,0.02,19.74,39.46
1048576,599,0.02,12.95,46.47
1048576,600,0.02,13.00,48.54
1048576,601,0.02,22.62,39.54
1048576,602,0.02,12.90,46.61
1048576,603,0.02,14.76,39.66
1048576,604,0.02,23.00,47.18
1048576,605,0.02,13.02,46.51
1048576,606,0.02,20.02,57.67
1048576,607,0.02,13.08,46.48
1048576,608,0.02,13.11,39.44
1048576,609,0.02,12.95,39.43
1048576,610,0.02,84.14,39.62
1048576,611,0.02,13.00,40.39
1048576,612,0.02,13.75,41.71
1048576,613,0.02,13.76,42.18
1048576,614,0.02,21.35,50.77
1048576,615,0.02,14.08,50.15
1048576,616,0.03,14.11,49.84
1048576,617,0.02,25.12,43.42
1048576,618,0.02,24.87,60.26
1048576,619,0.02,48.96,59.95
1048576,620,0.03,15.16,45.26
1048576,621,0.02,22.78,62.61
1048576,622,0.02,14.12,42.51
1048576,623,0.02,14.01,49.62
1048576,624,0.03,14.07,55.02
1048576,625,0.02,14.78,44.29
1048576,626,0.02,17.28,71.75
1048576,627,0.03,30.34,45.08
1048576,628,0.02,14.85,101.21
1048576,629,0.08,17.29,45.52
1048576,630,0.02,14.11,43.17
1048576,631,0.02,14.14,42.88
1048576,632,0.02,13.97,42.48
1048576,633,0.02,14.14,42.80
1048576,634,0.02,14.02,44.62
1048576,635,0.02,15.07,45.48
1048576,636,0.03,70.56,107.74
1048576,637,0.06,15.08,56.40
1048576,638,0.03,14.98,133.48
1048576,639,0.03,20.94,41.08
1048576,640,0.02,13.52,40.32
1048576,641,0.02,13.21,40.45
1048576,642,0.02,13.25,39.98
1048576,643,0.02,19.20,40.78
1048576,644,0.02,13.22,39.90
1048576,645,0.02,13.18,40.04
1048576,646,0.02,13.33,40.25
1048576,647,0.02,13.17,40.22
1048576,648,0.02,13.24,41.65
1048576,649,0.02,13.14,40.74
1048576,650,0.02,23.28,226.81
1048576,651,0.02,59.64,129.11
1048576,652,0.02,247.03,434.48
1048576,653,0.02,109.27,317.25
1048576,654,0.02,13.03,94.50
1048576,655,0.02,80.81,66.87
1048576,656,0.03,13.60,78.49
1048576,657,0.02,13.70,41.38
1048576,658,0.02,50.18,41.58
1048576,659,0.02,39.08,69.43
1048576,660,0.02,37.98,44.37
1048576,661,0.02,14.47,56.67
1048576,662,0.04,44.43,45.43
1048576,663,0.02,14.68,132.16
1048576,664,0.03,15.19,79.74
1048576,665,0.03,16.45,102.88
1048576,666,0.03,115.50,47.26
1048576,667,0.11,15.51,47.89
1048576,668,0.02,15.40,47.60
1048576,669,0.02,15.81,206.68
1048576,670,0.16,102.99,80.42
1048576,671,0.03,47.71,91.70
1048576,672,0.03,15.69,47.44
1048576,673,0.02,44.50,80.88
1048576,674,0.03,380.73,182.51
1048576,675,0.02,392.69,124.23
1048576,676,0.02,231.66,324.91
1048576,677,0.02,247.19,255.25
1048576,678,0.02,800.76,42.48
1048576,679,0.02,13.78,41.80
1048576,680,0.02,13.80,41.40
1048576,681,0.02,13.89,41.70
1048576,682,0.02,13.78,42.21
1048576,683,0.02,44.20,67.86
1048576,684,0.02,13.80,66.67
1048576,685,0.02,38.35,65.72
1048576,686,0.02,13.85,67.21
1048576,687,0.02,14.09,72.78
1048576,688,0.03,15.28,72.39
1048576,689,0.03,41.19,73.31
1048576,690,0.03,41.68,96.66
1048576,691,0.03,15.04,65.62
1048576,692,0.02,37.55,65.39
1048576,693,0.02,13.55,65.23
1048576,694,0.02,13.47,40.81
1048576,695,0.02,13.38,40.94
1048576,696,0.02,13.40,41.16
1048576,697,0.02,13.38,41.53
1048576,698,0.02,13.45,42.45
1048576,699,0.02,16.52,147.89
1048576,700,0.02,13.91,42.49
1048576,701,0.02,13.94,42.73
1048576,702,0.02,14.02,73.37
1048576,703,0.03,14.54,43.66
1048576,704,0.02,14.45,43.54
1048576,705,0.02,14.39,78.50
1048576,706,0.03,15.54,46.72
1048576,707,0.02,15.52,46.52
1048576,708,0.02,15.39,47.00
1048576,709,0.02,16.04,48.46
1048576,710,0.02,15.99,48.88
1048576,711,0.02,15.99,97.90
1048576,712,0.03,16.12,48.34
1048576,713,0.03,16.05,49.52
1048576,714,0.03,16.77,52.48
1048576,715,0.03,16.68,51.98
1048576,716,0.03,17.01,509.44
1048576,717,0.08,57.58,338.77
1048576,718,0.07,146.36,79.38
1048576,719,0.03,16.93,169.28
1048576,720,0.03,15.10,114.27
1048576,721,0.03,15.13,70.92
1048576,722,0.02,43.80,86.12
1048576,723,0.03,153.46,262.90
1048576,724,0.03,40.81,330.89
1048576,725,0.02,14.90,213.86
1048576,726,0.03,14.85,44.78
1048576,727,0.02,17.52,44.40
1048576,728,0.02,14.84,69.10
1048576,729,0.02,77.98,81.24
1048576,730,0.05,14.45,81.29
1048576,731,0.03,61.95,609.70
1048576,732,0.03,141.05,164.60
1048576,733,0.03,14.45,74.86
1048576,734,0.02,94.09,369.28
1048576,735,0.28,141.88,120.27
1048576,736,0.03,13.86,66.93
1048576,737,0.02,13.81,87.27
1048576,738,0.02,13.89,41.79
1048576,739,0.02,13.74,78.22
1048576,740,0.02,13.78,42.11
1048576,741,0.02,13.71,144.90
1048576,742,0.02,49.18,683.33
1048576,743,0.08,16.47,48.10
1048576,744,0.02,20.90,45.70
1048576,745,0.03,14.62,44.52
1048576,746,0.02,14.58,44.49
1048576,747,0.02,14.63,44.19
1048576,748,0.02,14.53,44.29
1048576,749,0.02,14.66,44.56
1048576,750,0.02,14.07,42.47
1048576,751,0.02,14.01,43.03
1048576,752,0.02,14.86,45.10
1048576,753,0.02,14.85,45.69
1048576,754,0.02,14.82,45.45
1048576,755,0.03,15.67,57.02
1048576,756,0.03,15.83,47.51
1048576,757,0.02,15.74,48.59
1048576,758,0.02,15.58,47.69
1048576,759,0.02,16.58,47.49
1048576,760,0.03,15.66,47.88
1048576,761,0.02,17.06,52.16
1048576,762,0.02,16.96,51.16
1048576,763,0.15,17.10,51.97
1048576,764,0.02,17.45,53.55
1048576,765,0.02,17.55,53.52
1048576,766,0.02,17.63,53.20
1048576,767,0.02,17.55,52.99
1048576,768,0.03,17.58,53.99
1048576,769,0.02,18.14,56.25
1048576,770,0.02,18.55,56.15
1048576,771,0.02,18.56,54.81
1048576,772,0.02,18.03,54.47
1048576,773,0.02,23.34,54.34
1048576,774,0.03,18.24,71.36
1048576,775,0.04,20.28,60.95
1048576,776,0.04,19.86,73.83
1048576,777,0.03,20.45,62.07
1048576,778,0.02,20.27,62.03
1048576,779,0.03,21.05,63.84
1048576,780,0.13,34.36,63.62
1048576,781,0.03,19.61,59.34
1048576,782,0.03,19.57,58.87
1048576,783,0.03,19.73,59.90
1048576,784,0.03,22.38,58.88
1048576,785,0.03,19.44,60.22
1048576,786,0.03,19.63,68.55
1048576,787,0.04,20.15,59.73
1048576,788,0.02,19.56,59.11
1048576,789,0.02,19.53,59.09
1048576,790,0.03,19.77,59.86
1048576,791,0.02,19.60,59.18
1048576,792,0.03,19.58,57.57
1048576,793,0.02,18.62,56.66
1048576,794,0.03,18.85,55.85
1048576,795,0.02,18.64,56.25
1048576,796,0.04,22.17,56.33
1048576,797,0.02,18.57,57.76
1048576,798,0.02,18.84,56.09
1048576,799,0.02,19.03,55.98
1048576,800,0.02,19.00,56.20
1048576,801,0.02,18.80,56.60
1048576,802,0.02,18.71,56.64
1048576,803,0.02,18.67,66.83
1048576,804,0.03,18.57,55.64
1048576,805,0.03,18.27,55.21
1048576,806,0.03,18.55,56.01
1048576,807,0.03,18.27,55.40
1048576,808,0.03,18.05,57.52
1048576,809,0.02,19.28,56.32
1048576,810,0.03,18.11,54.82
1048576,811,0.02,18.14,55.33
1048576,812,0.03,18.09,55.45
1048576,813,0.02,18.05,55.29
1048576,814,0.02,18.36,54.23
1048576,815,0.02,17.88,53.30
1048576,816,0.02,17.67,53.55
1048576,817,0.02,17.74,53.07
1048576,818,0.02,17.53,53.34
1048576,819,0.02,17.72,56.60
1048576,820,0.03,17.74,53.71
1048576,821,0.02,17.64,53.67
1048576,822,0.02,21.06,53.54
1048576,823,0.02,17.83,53.30
1048576,824,0.02,21.38,53.94
1048576,825,0.02,17.61,53.61
1048576,826,0.02,17.80,53.86
1048576,827,0.02,17.64,53.19
1048576,828,0.02,31.34,62.84
1048576,829,0.03,17.19,52.03
1048576,830,0.03,17.23,52.84
1048576,831,0.03,17.07,53.27
1048576,832,0.03,17.06,52.22
1048576,833,0.03,17.07,52.14
1048576,834,0.02,17.02,52.79
1048576,835,0.03,17.87,52.94
1048576,836,0.03,16.97,52.39
1048576,837,0.03,17.14,52.61
1048576,838,0.02,17.08,51.32
1048576,839,0.02,17.03,52.75
1048576,840,0.03,17.15,52.11
1048576,841,0.02,17.06,52.71
1048576,842,0.02,17.06,51.96
1048576,843,0.02,16.99,52.53
1048576,844,0.02,17.15,50.63
1048576,845,0.02,16.83,51.66
1048576,846,0.02,16.82,51.31
1048576,847,0.02,16.80,51.29
1048576,848,0.02,17.58,53.65
1048576,849,0.02,21.09,53.33
1048576,850,0.03,17.62,50.72
1048576,851,0.03,16.93,51.61
1048576,852,0.02,17.66,50.84
1048576,853,0.02,17.65,65.30
1048576,854,0.03,18.03,978.35
1048576,855,0.24,17.15,46.86
1048576,856,0.02,14.11,43.90
1048576,857,0.02,14.09,44.09
1048576,858,0.02,14.72,45.12
1048576,859,0.02,14.94,45.08
1048576,860,0.02,50.33,95.20
1048576,861,0.06,20.87,61.94
1048576,862,0.08,34.30,45.53
1048576,863,0.03,50.06,75.59
1048576,864,0.08,16.00,106.98
1048576,865,0.06,14.51,74.02
1048576,866,0.03,14.25,163.62
1048576,867,0.08,14.48,46.63
1048576,868,0.02,14.22,43.58
1048576,869,0.02,14.06,44.44
1048576,870,0.02,14.91,45.53
1048576,871,0.02,14.92,45.83
1048576,872,0.02,14.86,46.39
1048576,873,0.02,16.39,49.82
1048576,874,0.02,16.36,49.47
1048576,875,0.02,16.51,49.40
1048576,876,0.02,15.80,48.19
1048576,877,0.02,15.72,47.78
1048576,878,0.02,15.78,47.70
1048576,879,0.02,16.17,49.43
1048576,880,0.02,16.36,50.61
1048576,881,0.02,18.46,50.46
1048576,882,0.03,18.67,57.19
1048576,883,0.02,18.65,56.24
1048576,884,0.02,18.71,56.66
1048576,885,0.03,18.54,57.41
1048576,886,0.02,18.64,58.01
1048576,887,0.02,18.98,59.99
1048576,888,0.03,32.67,60.29
1048576,889,0.04,19.79,58.56
1048576,890,0.03,19.47,59.27
1048576,891,0.03,19.11,58.57
1048576,892,0.03,19.93,61.48
1048576,893,0.03,20.08,61.30
1048576,894,0.03,19.98,61.28
1048576,895,0.02,19.46,60.71
1048576,896,0.02,19.42,61.23
1048576,897,0.03,20.05,61.29
1048576,898,0.02,20.29,62.52
1048576,899,0.03,21.33,68.38
1048576,900,0.03,21.36,64.95
1048576,901,0.03,21.62,66.62
1048576,902,0.03,21.69,69.25
1048576,903,0.03,21.72,64.38
1048576,904,0.03,21.54,117.85
1048576,905,0.14,18.24,59.72
1048576,906,0.03,16.06,49.46
1048576,907,0.03,15.93,60.12
1048576,908,6.33,16.07,148.94
1048576,909,0.07,16.90,45.44
1048576,910,0.02,14.67,1441.18
1048576,911,0.15,14.59,45.63
1048576,912,0.02,14.00,43.26
1048576,913,0.02,14.25,52.17
1048576,914,0.02,14.05,42.57
1048576,915,0.02,288.11,47.19
1048576,916,0.02,15.21,46.51
1048576,917,0.02,15.18,42.63
1048576,918,0.02,13.95,42.92
1048576,919,0.02,96.89,58.63
1048576,920,0.03,14.25,60.22
1048576,921,0.02,14.06,50.13
1048576,922,0.03,13.99,42.65
1048576,923,0.02,14.71,81.53
1048576,924,0.08,28.74,77.78
1048576,925,0.02,22.65,87.55
1048576,926,0.02,12.79,46.87
1048576,927,0.02,20.37,66.16
1048576,928,0.02,12.95,69.17
1048576,929,0.02,12.90,439.09
1048576,930,0.07,14.92,45.65
1048576,931,0.02,14.67,44.29
1048576,932,0.02,14.67,45.53
1048576,933,0.02,15.33,46.62
1048576,934,0.02,15.40,51.90
1048576,935,0.02,15.49,46.11
1048576,936,0.02,15.33,61.81
1048576,937,0.03,15.51,58.14
1048576,938,0.03,15.46,47.44
1048576,939,0.03,18.32,47.97
1048576,940,0.02,15.50,47.55
1048576,941,0.03,15.55,49.00
1048576,942,0.02,16.66,50.09
1048576,943,0.02,16.49,64.77
1048576,944,0.03,16.66,50.80
1048576,945,0.03,16.78,50.71
1048576,946,0.03,17.03,51.07
1048576,947,0.02,17.19,52.84
1048576,948,0.02,17.18,51.75
1048576,949,0.02,17.41,52.33
1048576,950,0.03,17.71,53.14
1048576,951,0.02,17.77,54.09
1048576,952,0.02,17.67,52.90
1048576,953,0.02,19.90,52.25
1048576,954,0.02,17.39,52.24
1048576,955,0.02,17.37,50.76
1048576,956,0.02,16.90,50.25
1048576,957,0.02,17.00,50.72
1048576,958,0.02,17.30,55.44
1048576,959,0.03,18.88,56.68
1048576,960,0.02,18.74,55.83
1048576,961,0.02,18.38,54.75
1048576,962,0.10,18.07,77.73
1048576,963,0.03,18.20,56.23
1048576,964,0.03,18.41,55.71
1048576,965,0.03,18.32,56.06
1048576,966,0.03,17.53,54.00
1048576,967,0.03,17.38,52.77
1048576,968,0.02,17.30,53.38
1048576,969,0.02,33.32,54.02
1048576,970,0.03,17.59,53.31
1048576,971,0.03,17.75,53.65
1048576,972,0.03,17.35,53.39
1048576,973,0.02,17.57,61.21
1048576,974,0.03,17.34,52.03
1048576,975,0.02,17.40,52.43
1048576,976,0.02,17.63,52.23
1048576,977,0.02,17.45,52.11
1048576,978,0.02,17.65,52.25
1048576,979,0.03,17.48,51.86
1048576,980,0.03,19.71,53.29
1048576,981,0.02,17.14,68.24
1048576,982,0.03,17.39,51.23
1048576,983,0.03,16.89,51.75
1048576,984,0.03,17.04,52.66
1048576,985,0.03,17.99,55.00
1048576,986,0.02,18.00,55.44
1048576,987,0.02,17.88,54.36
1048576,988,0.03,18.67,55.25
1048576,989,0.03,18.17,53.67
1048576,990,0.03,17.20,51.93
1048576,991,0.02,17.04,54.33
1048576,992,0.02,22.46,54.84
1048576,993,0.03,17.43,54.04
1048576,994,0.02,17.42,51.71
1048576,995,0.02,17.16,52.01
1048576,996,0.02,17.13,51.40
1048576,997,0.02,17.08,51.14
1048576,998,0.02,16.89,50.41
1048576,999,0.02,16.89,50.46
0,0,0.00,0.00,51.83
0,1,0.00,0.00,52.51
0,2,0.00,0.00,52.09
0,3,0.00,0.00,51.94
0,4,0.00,0.00,52.49
0,5,0.00,0.00,52.23
0,6,0.00,0.00,51.58
0,7,0.00,0.00,70.17
0,8,0.00,0.00,51.41
0,9,0.00,0.00,50.97
0,10,0.00,0.00,51.55
0,11,0.00,0.00,55.36
0,12,0.00,0.00,55.12
0,13,0.00,0.00,54.59
0,14,0.00,0.00,53.61
0,15,0.00,0.00,71.47
0,16,0.00,0.00,53.54
0,17,0.00,0.00,52.39
0,18,0.00,0.00,53.48
0,19,0.00,0.00,55.28
0,20,0.00,0.00,54.40
0,21,0.00,0.00,59.55
0,22,0.00,0.00,51.16
0,23,0.00,0.00,50.97
0,24,0.00,0.00,67.12
0,25,0.00,0.00,51.62
0,26,0.00,0.00,67.04
0,27,0.00,0.00,51.49
0,28,0.00,0.00,51.40
0,29,0.00,0.00,52.28
0,30,0.00,0.00,51.85
0,31,0.00,0.00,51.57
0,32,0.00,0.00,50.91
0,33,0.00,0.00,52.91
0,34,0.00,0.00,51.00
0,35,0.00,0.00,51.82
0,36,0.00,0.00,51.39
0,37,0.00,0.00,5197.17
0,38,0.00,0.00,642.97
0,39,0.00,0.00,254.72
0,40,0.00,0.00,42.28
0,41,0.00,0.00,41.28
0,42,0.00,0.00,41.15
0,43,0.00,0.00,41.39
0,44,0.00,0.00,43.27
0,45,0.00,0.00,88.40
0,46,0.00,0.00,42.98
0,47,0.00,0.00,43.12
0,48,0.00,0.00,44.35
0,49,0.00,0.00,45.12
0,50,0.00,0.00,68.47
0,51,0.00,0.00,45.04
0,52,0.00,0.00,61.02
0,53,0.00,0.00,47.28
0,54,0.00,0.00,46.60
0,55,0.00,0.00,46.64
0,56,0.00,0.00,50.30
0,57,0.00,0.00,50.29
0,58,0.00,0.00,50.84
0,59,0.00,0.00,51.32
0,60,0.00,0.00,61.54
0,61,0.00,0.00,52.19
0,62,0.00,0.00,89.48
0,63,0.00,0.00,52.31
0,64,0.00,0.00,51.69
0,65,0.00,0.00,60.72
0,66,0.00,0.00,50.64
0,67,0.00,0.00,50.44
0,68,0.00,0.00,51.82
0,69,0.00,0.00,50.69
0,70,0.00,0.00,53.72
0,71,0.00,0.00,58.66
0,72,0.00,0.00,58.84
0,73,0.00,0.00,58.07
0,74,0.00,0.00,60.30
0,75,0.00,0.00,59.56
0,76,0.00,0.00,59.47
0,77,0.00,0.00,58.71
0,78,0.00,0.00,69.51
0,79,0.00,0.00,57.37
0,80,0.00,0.00,55.15
0,81,0.00,0.00,54.43
0,82,0.00,0.00,55.65
0,83,0.00,0.00,55.13
0,84,0.00,0.00,54.80
0,85,0.00,0.00,55.60
0,86,0.00,0.00,56.26
0,87,0.00,0.00,54.79
0,88,0.00,0.00,55.04
0,89,0.00,0.00,55.53
0,90,0.00,0.00,55.76
0,91,0.00,0.00,58.72
0,92,0.00,0.00,58.43
0,93,0.00,0.00,320.82
0,94,0.00,0.00,47.14
0,95,0.00,0.00,59.95
0,96,0.00,0.00,45.50
0,97,0.00,0.00,93.70
0,98,0.00,0.00,226.25
0,99,0.00,0.00,91.03
0,100,0.00,0.00,50.79
0,101,0.00,0.00,39.32
0,102,0.00,0.00,106.71
0,103,0.00,0.00,42.38
0,104,0.00,0.00,41.38
0,105,0.00,0.00,41.14
0,106,0.00,0.00,42.71
0,107,0.00,0.00,41.69
0,108,0.00,0.00,41.60
0,109,0.00,0.00,41.79
0,110,0.00,0.00,65.97
0,111,0.00,0.00,47.15
0,112,0.00,0.00,45.31
0,113,0.00,0.00,61.08
0,114,0.00,0.00,46.25
0,115,0.00,0.00,46.97
0,116,0.00,0.00,65.55
0,117,0.00,0.00,51.70
0,118,0.00,0.00,66.06
0,119,0.00,0.00,39.97
0,120,0.00,0.00,39.38
0,121,0.00,0.00,39.79
0,122,0.00,0.00,39.61
0,123,0.00,0.00,40.30
0,124,0.00,0.00,60.20
0,125,0.00,0.00,45.06
0,126,0.00,0.00,45.97
0,127,0.00,0.00,45.78
0,128,0.00,0.00,44.65
0,129,0.00,0.00,44.24
0,130,0.00,0.00,47.31
0,131,0.00,0.00,52.08
0,132,0.00,0.00,45.43
0,133,0.00,0.00,47.76
0,134,0.00,0.00,45.62
0,135,0.00,0.00,46.11
0,136,0.00,0.00,47.59
0,137,0.00,0.00,47.35
0,138,0.00,0.00,47.28
0,139,0.00,0.00,47.79
0,140,0.00,0.00,48.45
0,141,0.00,0.00,49.29
0,142,0.00,0.00,48.86
0,143,0.00,0.00,49.51
0,144,0.00,0.00,48.57
0,145,0.00,0.00,48.21
0,146,0.00,0.00,49.42
0,147,0.00,0.00,48.05
0,148,0.00,0.00,48.36
0,149,0.00,0.00,48.85
0,150,0.00,0.00,48.64
0,151,0.00,0.00,50.50
0,152,0.00,0.00,50.80
0,153,0.00,0.00,57.94
0,154,0.00,0.00,47.58
0,155,0.00,0.00,47.76
0,156,0.00,0.00,47.05
0,157,0.00,0.00,46.01
0,158,0.00,0.00,46.20
0,159,0.00,0.00,45.72
0,160,0.00,0.00,47.78
0,161,0.00,0.00,47.95
0,162,0.00,0.00,50.60
0,163,0.00,0.00,49.22
0,164,0.00,0.00,48.89
0,165,0.00,0.00,48.79
0,166,0.00,0.00,49.01
0,167,0.00,0.00,48.77
0,168,0.00,0.00,48.51
0,169,0.00,0.00,48.22
0,170,0.00,0.00,49.23
0,171,0.00,0.00,48.60
0,172,0.00,0.00,48.03
0,173,0.00,0.00,47.44
0,174,0.00,0.00,47.11
0,175,0.00,0.00,47.20
0,176,0.00,0.00,48.82
0,177,0.00,0.00,50.60
0,178,0.00,0.00,49.22
0,179,0.00,0.00,47.67
0,180,0.00,0.00,45.20
0,181,0.00,0.00,46.32
0,182,0.00,0.00,44.68
0,183,0.00,0.00,45.21
0,184,0.00,0.00,45.55
0,185,0.00,0.00,45.17
0,186,0.00,0.00,47.00
0,187,0.00,0.00,46.03
0,188,0.00,0.00,46.60
0,189,0.00,0.00,46.46
0,190,0.00,0.00,46.39
0,191,0.00,0.00,57.51
0,192,0.00,0.00,53.11
0,193,0.00,0.00,47.23
0,194,0.00,0.00,47.57
0,195,0.00,0.00,47.18
0,196,0.00,0.00,45.98
0,197,0.00,0.00,44.29
0,198,0.00,0.00,43.91
0,199,0.00,0.00,44.05
0,200,0.00,0.00,46.61
0,201,0.00,0.00,47.64
0,202,0.00,0.00,48.31
0,203,0.00,0.00,48.27
0,204,0.00,0.00,48.82
0,205,0.00,0.00,47.23
0,206,0.00,0.00,51.40
0,207,0.00,0.00,48.52
0,208,0.00,0.00,46.11
0,209,0.00,0.00,44.01
0,210,0.00,0.00,43.83
0,211,0.00,0.00,44.68
0,212,0.00,0.00,45.01
0,213,0.00,0.00,56.24
0,214,0.00,0.00,46.12
0,215,0.00,0.00,45.74
0,216,0.00,0.00,45.91
0,217,0.00,0.00,46.60
0,218,0.00,0.00,46.64
0,219,0.00,0.00,48.00
0,220,0.00,0.00,47.09
0,221,0.00,0.00,47.25
0,222,0.00,0.00,47.44
0,223,0.00,0.00,47.45
0,224,0.00,0.00,47.22
0,225,0.00,0.00,45.77
0,226,0.00,0.00,44.74
0,227,0.00,0.00,45.27
0,228,0.00,0.00,46.71
0,229,0.00,0.00,55.04
0,230,0.00,0.00,46.64
0,231,0.00,0.00,46.19
0,232,0.00,0.00,46.27
0,233,0.00,0.00,48.58
0,234,0.00,0.00,49.54
0,235,0.00,0.00,48.62
0,236,0.00,0.00,48.12
0,237,0.00,0.00,46.79
0,238,0.00,0.00,45.62
0,239,0.00,0.00,45.68
0,240,0.00,0.00,44.82
0,241,0.00,0.00,45.23
0,242,0.00,0.00,47.62
0,243,0.00,0.00,47.78
0,244,0.00,0.00,46.93
0,245,0.00,0.00,46.79
0,246,0.00,0.00,46.55
0,247,0.00,0.00,47.82
0,248,0.00,0.00,46.98
0,249,0.00,0.00,46.05
0,250,0.00,0.00,46.82
0,251,0.00,0.00,46.95
0,252,0.00,0.00,45.90
0,253,0.00,0.00,46.47
0,254,0.00,0.00,45.85
0,255,0.00,0.00,46.41
0,256,0.00,0.00,48.85
0,257,0.00,0.00,46.25
0,258,0.00,0.00,47.48
0,259,0.00,0.00,48.32
0,260,0.00,0.00,48.65
0,261,0.00,0.00,48.37
0,262,0.00,0.00,46.93
0,263,0.00,0.00,54.53
0,264,0.00,0.00,44.21
0,265,0.00,0.00,43.98
0,266,0.00,0.00,44.85
0,267,0.00,0.00,45.95
0,268,0.00,0.00,45.87
0,269,0.00,0.00,47.41
0,270,0.00,0.00,45.54
0,271,0.00,0.00,46.82
0,272,0.00,0.00,47.19
0,273,0.00,0.00,47.12
0,274,0.00,0.00,50.14
0,275,0.00,0.00,47.94
0,276,0.00,0.00,45.59
0,277,0.00,0.00,45.44
0,278,0.00,0.00,46.15
0,279,0.00,0.00,45.57
0,280,0.00,0.00,46.12
0,281,0.00,0.00,46.06
0,282,0.00,0.00,45.58
0,283,0.00,0.00,45.80
0,284,0.00,0.00,46.06
0,285,0.00,0.00,197.97
0,286,0.00,0.00,81.35
0,287,0.00,0.00,596.00
0,288,0.00,0.00,53.57
0,289,0.00,0.00,79.30
0,290,0.00,0.00,44.18
0,291,0.00,0.00,43.02
0,292,0.00,0.00,42.82
0,293,0.00,0.00,40.46
0,294,0.00,0.00,39.47
0,295,0.00,0.00,39.90
0,296,0.00,0.00,41.26
0,297,0.00,0.00,41.24
0,298,0.00,0.00,41.07
0,299,0.00,0.00,49.88
0,300,0.00,0.00,43.74
0,301,0.00,0.00,45.71
0,302,0.00,0.00,45.64
0,303,0.00,0.00,45.61
0,304,0.00,0.00,45.58
0,305,0.00,0.00,272.61
0,306,0.00,0.00,44.33
0,307,0.00,0.00,86.01
0,308,0.00,0.00,78.89
0,309,0.00,0.00,260.99
0,310,0.00,0.00,74.91
0,311,0.00,0.00,66.23
0,312,0.00,0.00,59.76
0,313,0.00,0.00,203.52
0,314,0.00,0.00,137.02
0,315,0.00,0.00,284.69
0,316,0.00,0.00,347.45
0,317,0.00,0.00,38.00
0,318,0.00,0.00,47.66
0,319,0.00,0.00,185.77
0,320,0.00,0.00,160.05
0,321,0.00,0.00,44.31
0,322,0.00,0.00,50.91
0,323,0.00,0.00,42.96
0,324,0.00,0.00,56.45
0,325,0.00,0.00,65.41
0,326,0.00,0.00,67.21
0,327,0.00,0.00,95.22
0,328,0.00,0.00,97.87
0,329,0.00,0.00,66.27
0,330,0.00,0.00,44.55
0,331,0.00,0.00,71.86
0,332,0.00,0.00,48.98
0,333,0.00,0.00,62.58
0,334,0.00,0.00,55.13
0,335,0.00,0.00,57.81
0,336,0.00,0.00,80.64
0,337,0.00,0.00,62.25
0,338,0.00,0.00,69.05
0,339,0.00,0.00,49.02
0,340,0.00,0.00,48.29
0,341,0.00,0.00,76.91
0,342,0.00,0.00,915.48
0,343,0.00,0.00,39.78
0,344,0.00,0.00,39.51
0,345,0.00,0.00,41.25
0,346,0.00,0.00,40.68
0,347,0.00,0.00,41.04
0,348,0.00,0.00,40.52
0,349,0.00,0.00,42.71
0,350,0.00,0.00,43.47
0,351,0.00,0.00,43.42
0,352,0.00,0.00,43.75
0,353,0.00,0.00,55.04
0,354,0.00,0.00,44.03
0,355,0.00,0.00,43.39
0,356,0.00,0.00,43.24
0,357,0.00,0.00,43.40
0,358,0.00,0.00,48.26
0,359,0.00,0.00,49.57
0,360,0.00,0.00,49.57
0,361,0.00,0.00,49.69
0,362,0.00,0.00,47.09
0,363,0.00,0.00,47.72
0,364,0.00,0.00,59.66
0,365,0.00,0.00,87.90
0,366,0.00,0.00,48.96
0,367,0.00,0.00,48.52
0,368,0.00,0.00,49.22
0,369,0.00,0.00,52.67
0,370,0.00,0.00,63.35
0,371,0.00,0.00,54.32
0,372,0.00,0.00,53.28
0,373,0.00,0.00,53.10
0,374,0.00,0.00,54.02
0,375,0.00,0.00,53.60
0,376,0.00,0.00,55.36
0,377,0.00,0.00,55.39
0,378,0.00,0.00,55.29
0,379,0.00,0.00,56.56
0,380,0.00,0.00,65.01
0,381,0.00,0.00,57.25
0,382,0.00,0.00,64.28
0,383,0.00,0.00,55.95
0,384,0.00,0.00,55.62
0,385,0.00,0.00,68.69
0,386,0.00,0.00,67.63
0,387,0.00,0.00,57.86
0,388,0.00,0.00,57.23
0,389,0.00,0.00,57.92
0,390,0.00,0.00,58.01
0,391,0.00,0.00,57.65
0,392,0.00,0.00,58.43
0,393,0.00,0.00,63.31
0,394,0.00,0.00,65.68
0,395,0.00,0.00,64.04
0,396,0.00,0.00,90.35
0,397,0.00,0.00,146.13
0,398,0.00,0.00,72.23
0,399,0.00,0.00,169.77
0,400,0.00,0.00,61.23
0,401,0.00,0.00,48.56
0,402,0.00,0.00,47.85
0,403,0.00,0.00,47.71
0,404,0.00,0.00,48.04
0,405,0.00,0.00,48.23
0,406,0.00,0.00,59.81
0,407,0.00,0.00,49.29
0,408,0.00,0.00,48.81
0,409,0.00,0.00,48.95
0,410,0.00,0.00,49.63
0,411,0.00,0.00,49.25
0,412,0.00,0.00,49.84
0,413,0.00,0.00,49.69
0,414,0.00,0.00,56.59
0,415,0.00,0.00,51.25
0,416,0.00,0.00,51.64
0,417,0.00,0.00,51.59
0,418,0.00,0.00,54.45
0,419,0.00,0.00,55.84
0,420,0.00,0.00,56.74
0,421,0.00,0.00,56.69
0,422,0.00,0.00,55.85
0,423,0.00,0.00,53.66
0,424,0.00,0.00,53.96
0,425,0.00,0.00,54.40
0,426,0.00,0.00,54.70
0,427,0.00,0.00,55.52
0,428,0.00,0.00,56.42
0,429,0.00,0.00,56.11
0,430,0.00,0.00,56.63
0,431,0.00,0.00,56.94
0,432,0.00,0.00,57.19
0,433,0.00,0.00,59.27
0,434,0.00,0.00,56.80
0,435,0.00,0.00,57.28
0,436,0.00,0.00,60.55
0,437,0.00,0.00,59.90
0,438,0.00,0.00,59.46
0,439,0.00,0.00,57.67
0,440,0.00,0.00,71.42
0,441,0.00,0.00,61.99
0,442,0.00,0.00,61.22
0,443,0.00,0.00,60.64
0,444,0.00,0.00,59.59
0,445,0.00,0.00,59.24
0,446,0.00,0.00,75.13
0,447,0.00,0.00,68.18
0,448,0.00,0.00,62.14
0,449,0.00,0.00,61.45
0,450,0.00,0.00,65.97
0,451,0.00,0.00,71.78
0,452,0.00,0.00,61.28
0,453,0.00,0.00,61.61
0,454,0.00,0.00,61.65
0,455,0.00,0.00,62.66
0,456,0.00,0.00,84.69
0,457,0.00,0.00,67.59
0,458,0.00,0.00,67.76
0,459,0.00,0.00,68.88
0,460,0.00,0.00,68.23
0,461,0.00,0.00,69.70
0,462,0.00,0.00,70.61
0,463,0.00,0.00,70.59
0,464,0.00,0.00,69.08
0,465,0.00,0.00,67.70
0,466,0.00,0.00,67.75
0,467,0.00,0.00,82.52
0,468,0.00,0.00,69.61
0,469,0.00,0.00,67.82
0,470,0.00,0.00,66.15
0,471,0.00,0.00,65.40
0,472,0.00,0.00,65.61
0,473,0.00,0.00,69.37
0,474,0.00,0.00,69.31
0,475,0.00,0.00,68.02
0,476,0.00,0.00,65.13
0,477,0.00,0.00,64.93
0,478,0.00,0.00,66.40
0,479,0.00,0.00,69.49
0,480,0.00,0.00,69.52
0,481,0.00,0.00,68.15
0,482,0.00,0.00,65.75
0,483,0.00,0.00,94.42
0,484,0.00,0.00,69.14
0,485,0.00,0.00,69.60
0,486,0.00,0.00,70.63
0,487,0.00,0.00,69.70
0,488,0.00,0.00,69.96
0,489,0.00,0.00,70.09
0,490,0.00,0.00,71.06
0,491,0.00,0.00,71.45
0,492,0.00,0.00,70.30
0,493,0.00,0.00,78.77
0,494,0.00,0.00,67.04
0,495,0.00,0.00,66.68
0,496,0.00,0.00,67.47
0,497,0.00,0.00,66.83
0,498,0.00,0.00,66.78
0,499,0.00,0.00,67.56
0,500,0.00,0.00,66.85
0,501,0.00,0.00,66.26
0,502,0.00,0.00,66.14
0,503,0.00,0.00,70.88
0,504,0.00,0.00,65.75
0,505,0.00,0.00,65.20
0,506,0.00,0.00,65.46
0,507,0.00,0.00,65.58
0,508,0.00,0.00,77.73
0,509,0.00,0.00,63.33
0,510,0.00,0.00,63.40
0,511,0.00,0.00,65.25
0,512,0.00,0.00,64.20
0,513,0.00,0.00,63.06
0,514,0.00,0.00,63.46
0,515,0.00,0.00,2492.66
0,516,0.00,0.00,171.49
0,517,0.00,0.00,51.67
0,518,0.00,0.00,50.25
0,519,0.00,0.00,50.37
0,520,0.00,0.00,50.31
0,521,0.00,0.00,61.87
0,522,0.00,0.00,49.34
0,523,0.00,0.00,44.93
0,524,0.00,0.00,55.58
0,525,0.00,0.00,46.03
0,526,0.00,0.00,45.62
0,527,0.00,0.00,45.39
0,528,0.00,0.00,52.27
0,529,0.00,0.00,44.30
0,530,0.00,0.00,67.11
0,531,0.00,0.00,55.09
0,532,0.00,0.00,58.55
0,533,0.00,0.00,43.96
0,534,0.00,0.00,53.27
0,535,0.00,0.00,42.64
0,536,0.00,0.00,42.31
0,537,0.00,0.00,42.23
0,538,0.00,0.00,42.34
0,539,0.00,0.00,319.16
0,540,0.00,0.00,110.10
0,541,0.00,0.00,40.96
0,542,0.00,0.00,94.24
0,543,0.00,0.00,39.65
0,544,0.00,0.00,38.18
0,545,0.00,0.00,38.01
0,546,0.00,0.00,56.68
0,547,0.00,0.00,63.11
0,548,0.00,0.00,43.67
0,549,0.00,0.00,44.15
0,550,0.00,0.00,43.16
0,551,0.00,0.00,42.97
0,552,0.00,0.00,51.74
0,553,0.00,0.00,43.27
0,554,0.00,0.00,53.15
0,555,0.00,0.00,55.33
0,556,0.00,0.00,61.29
0,557,0.00,0.00,44.77
0,558,0.00,0.00,93.53
0,559,0.00,0.00,62.85
0,560,0.00,0.00,62.08
0,561,0.00,0.00,61.79
0,562,0.00,0.00,60.45
0,563,0.00,0.00,53.49
0,564,0.00,0.00,53.86
0,565,0.00,0.00,54.38
0,566,0.00,0.00,53.85
0,567,0.00,0.00,53.83
0,568,0.00,0.00,52.92
0,569,0.00,0.00,53.80
0,570,0.00,0.00,53.67
0,571,0.00,0.00,67.31
0,572,0.00,0.00,53.38
0,573,0.00,0.00,52.76
0,574,0.00,0.00,52.77
0,575,0.00,0.00,52.89
0,576,0.00,0.00,53.55
0,577,0.00,0.00,52.97
0,578,0.00,0.00,53.05
0,579,0.00,0.00,52.90
0,580,0.00,0.00,52.70
0,581,0.00,0.00,53.47
0,582,0.00,0.00,52.09
0,583,0.00,0.00,52.31
0,584,0.00,0.00,51.87
0,585,0.00,0.00,51.81
0,586,0.00,0.00,2128.00
0,587,0.00,0.00,178.68
0,588,0.00,0.00,86.26
0,589,0.00,0.00,189.08
0,590,0.00,0.00,59.29
0,591,0.00,0.00,144.27
0,592,0.00,0.00,104.08
0,593,0.00,0.00,225.17
0,594,0.00,0.00,44.35
0,595,0.00,0.00,43.87
0,596,0.00,0.00,43.61
0,597,0.00,0.00,43.62
0,598,0.00,0.00,43.54
0,599,0.00,0.00,43.47
0,600,0.00,0.00,43.33
0,601,0.00,0.00,44.58
0,602,0.00,0.00,45.34
0,603,0.00,0.00,57.75
0,604,0.00,0.00,46.97
0,605,0.00,0.00,45.60
0,606,0.00,0.00,45.75
0,607,0.00,0.00,45.76
0,608,0.00,0.00,45.73
0,609,0.00,0.00,45.97
0,610,0.00,0.00,46.64
0,611,0.00,0.00,45.99
0,612,0.00,0.00,47.14
0,613,0.00,0.00,47.12
0,614,0.00,0.00,48.73
0,615,0.00,0.00,49.38
0,616,0.00,0.00,48.89
0,617,0.00,0.00,48.95
0,618,0.00,0.00,49.66
0,619,0.00,0.00,49.92
0,620,0.00,0.00,49.58
0,621,0.00,0.00,48.39
0,622,0.00,0.00,61.47
0,623,0.00,0.00,45.89
0,624,0.00,0.00,46.71
0,625,0.00,0.00,48.59
0,626,0.00,0.00,56.83
0,627,0.00,0.00,51.76
0,628,0.00,0.00,51.63
0,629,0.00,0.00,51.74
0,630,0.00,0.00,61.15
0,631,0.00,0.00,62.47
0,632,0.00,0.00,50.74
0,633,0.00,0.00,49.87
0,634,0.00,0.00,50.50
0,635,0.00,0.00,50.88
0,636,0.00,0.00,52.47
0,637,0.00,0.00,53.09
0,638,0.00,0.00,52.93
0,639,0.00,0.00,68.64
0,640,0.00,0.00,55.23
0,641,0.00,0.00,54.70
0,642,0.00,0.00,55.89
0,643,0.00,0.00,53.60
0,644,0.00,0.00,53.12
0,645,0.00,0.00,52.58
0,646,0.00,0.00,52.58
0,647,0.00,0.00,54.04
0,648,0.00,0.00,54.12
0,649,0.00,0.00,53.99
0,650,0.00,0.00,51.64
0,651,0.00,0.00,51.35
0,652,0.00,0.00,51.11
0,653,0.00,0.00,52.45
0,654,0.00,0.00,54.69
0,655,0.00,0.00,55.06
0,656,0.00,0.00,67.08
0,657,0.00,0.00,53.14
0,658,0.00,0.00,51.49
0,659,0.00,0.00,51.67
0,660,0.00,0.00,51.35
0,661,0.00,0.00,53.98
0,662,0.00,0.00,63.31
0,663,0.00,0.00,55.85
0,664,0.00,0.00,53.63
0,665,0.00,0.00,51.71
0,666,0.00,0.00,51.43
0,667,0.00,0.00,52.15
0,668,0.00,0.00,55.09
0,669,0.00,0.00,56.11
0,670,0.00,0.00,55.76
0,671,0.00,0.00,54.43
0,672,0.00,0.00,53.00
0,673,0.00,0.00,65.49
0,674,0.00,0.00,52.61
0,675,0.00,0.00,52.72
0,676,0.00,0.00,52.76
0,677,0.00,0.00,53.05
0,678,0.00,0.00,53.26
0,679,0.00,0.00,52.26
0,680,0.00,0.00,53.83
0,681,0.00,0.00,55.11
0,682,0.00,0.00,52.32
0,683,0.00,0.00,51.32
0,684,0.00,0.00,51.20
0,685,0.00,0.00,51.21
0,686,0.00,0.00,51.61
0,687,0.00,0.00,51.19
0,688,0.00,0.00,51.71
0,689,0.00,0.00,51.10
0,690,0.00,0.00,51.51
0,691,0.00,0.00,50.68
0,692,0.00,0.00,51.16
0,693,0.00,0.00,50.67
0,694,0.00,0.00,51.05
0,695,0.00,0.00,51.65
0,696,0.00,0.00,52.18
0,697,0.00,0.00,51.54
0,698,0.00,0.00,56.36
0,699,0.00,0.00,67.56
0,700,0.00,0.00,51.65
0,701,0.00,0.00,51.36
0,702,0.00,0.00,51.81
0,703,0.00,0.00,54.45
0,704,0.00,0.00,55.70
0,705,0.00,0.00,49.25
0,706,0.00,0.00,49.15
0,707,0.00,0.00,49.55
0,708,0.00,0.00,63.93
0,709,0.00,0.00,49.47
0,710,0.00,0.00,49.72
0,711,0.00,0.00,49.19
0,712,0.00,0.00,49.91
0,713,0.00,0.00,49.74
0,714,0.00,0.00,51.36
0,715,0.00,0.00,49.92
0,716,0.00,0.00,50.72
0,717,0.00,0.00,49.33
0,718,0.00,0.00,49.46
0,719,0.00,0.00,49.18
0,720,0.00,0.00,49.03
0,721,0.00,0.00,49.01
0,722,0.00,0.00,49.03
0,723,0.00,0.00,48.31
0,724,0.00,0.00,48.21
0,725,0.00,0.00,48.35
0,726,0.00,0.00,60.09
0,727,0.00,0.00,49.09
0,728,0.00,0.00,49.00
0,729,0.00,0.00,49.39
0,730,0.00,0.00,49.68
0,731,0.00,0.00,50.30
0,732,0.00,0.00,49.39
0,733,0.00,0.00,50.79
0,734,0.00,0.00,49.18
0,735,0.00,0.00,51.52
0,736,0.00,0.00,49.50
0,737,0.00,0.00,76.38
0,738,0.00,0.00,57.01
0,739,0.00,0.00,47.84
0,740,0.00,0.00,47.02
0,741,0.00,0.00,47.47
0,742,0.00,0.00,47.79
0,743,0.00,0.00,47.75
0,744,0.00,0.00,47.99
0,745,0.00,0.00,47.52
0,746,0.00,0.00,48.13
0,747,0.00,0.00,47.97
0,748,0.00,0.00,47.42
0,749,0.00,0.00,49.26
0,750,0.00,0.00,50.67
0,751,0.00,0.00,50.60
0,752,0.00,0.00,67.75
0,753,0.00,0.00,67.18
0,754,0.00,0.00,41.65
0,755,0.00,0.00,41.45
0,756,0.00,0.00,39.76
0,757,0.00,0.00,39.79
0,758,0.00,0.00,39.37
0,759,0.00,0.00,49.25
0,760,0.00,0.00,39.96
0,761,0.00,0.00,38.09
0,762,0.00,0.00,49.86
0,763,0.00,0.00,38.04
0,764,0.00,0.00,38.14
0,765,0.00,0.00,53.98
0,766,0.00,0.00,54.43
0,767,0.00,0.00,40.01
0,768,0.00,0.00,50.59
0,769,0.00,0.00,64.56
0,770,0.00,0.00,54.29
0,771,0.00,0.00,815.52
0,772,0.00,0.00,41.10
0,773,0.00,0.00,40.63
0,774,0.00,0.00,40.22
0,775,0.00,0.00,40.45
0,776,0.00,0.00,41.39
0,777,0.00,0.00,41.57
0,778,0.00,0.00,41.36
0,779,0.00,0.00,41.34
0,780,0.00,0.00,41.53
0,781,0.00,0.00,44.76
0,782,0.00,0.00,44.69
0,783,0.00,0.00,44.99
0,784,0.00,0.00,44.60
0,785,0.00,0.00,45.71
0,786,0.00,0.00,46.92
0,787,0.00,0.00,47.26
0,788,0.00,0.00,47.99
0,789,0.00,0.00,46.90
0,790,0.00,0.00,46.64
0,791,0.00,0.00,47.16
0,792,0.00,0.00,46.49
0,793,0.00,0.00,49.21
0,794,0.00,0.00,68.08
0,795,0.00,0.00,53.36
0,796,0.00,0.00,53.22
0,797,0.00,0.00,51.18
0,798,0.00,0.00,50.23
0,799,0.00,0.00,50.04
0,800,0.00,0.00,50.49
0,801,0.00,0.00,52.30
0,802,0.00,0.00,53.66
0,803,0.00,0.00,52.85
0,804,0.00,0.00,53.05
0,805,0.00,0.00,56.92
0,806,0.00,0.00,57.71
0,807,0.00,0.00,57.42
0,808,0.00,0.00,57.43
0,809,0.00,0.00,56.94
0,810,0.00,0.00,58.13
0,811,0.00,0.00,57.19
0,812,0.00,0.00,59.54
0,813,0.00,0.00,59.61
0,814,0.00,0.00,59.84
0,815,0.00,0.00,61.23
0,816,0.00,0.00,61.82
0,817,0.00,0.00,62.31
0,818,0.00,0.00,61.55
0,819,0.00,0.00,60.64
0,820,0.00,0.00,59.57
0,821,0.00,0.00,62.49
0,822,0.00,0.00,1633.45
0,823,0.00,0.00,55.66
0,824,0.00,0.00,80.84
0,825,0.00,0.00,105.35
0,826,0.00,0.00,54.62
0,827,0.00,0.00,53.04
0,828,0.00,0.00,53.08
0,829,0.00,0.00,63.19
0,830,0.00,0.00,53.73
0,831,0.00,0.00,52.53
0,832,0.00,0.00,53.18
0,833,0.00,0.00,52.60
0,834,0.00,0.00,52.72
0,835,0.00,0.00,52.93
0,836,0.00,0.00,54.60
0,837,0.00,0.00,52.78
0,838,0.00,0.00,52.84
0,839,0.00,0.00,53.17
0,840,0.00,0.00,70.63
0,841,0.00,0.00,53.40
0,842,0.00,0.00,51.75
0,843,0.00,0.00,55.58
0,844,0.00,0.00,274.45
0,845,0.00,0.00,48.42
0,846,0.00,0.00,53.40
0,847,0.00,0.00,39.60
0,848,0.00,0.00,48.12
0,849,0.00,0.00,87.48
0,850,0.00,0.00,45.19
0,851,0.00,0.00,44.96
0,852,0.00,0.00,44.16
0,853,0.00,0.00,36.68
0,854,0.00,0.00,43.94
0,855,0.00,0.00,43.56
0,856,0.00,0.00,36.92
0,857,0.00,0.00,49.59
0,858,0.00,0.00,61.03
0,859,0.00,0.00,50.33
0,860,0.00,0.00,61.74
0,861,0.00,0.00,50.30
0,862,0.00,0.00,115.01
0,863,0.00,0.00,42.27
0,864,0.00,0.00,40.44
0,865,0.00,0.00,40.32
0,866,0.00,0.00,40.11
0,867,0.00,0.00,263.09
0,868,0.00,0.00,71.29
0,869,0.00,0.00,104.29
0,870,0.00,0.00,130.89
0,871,0.00,0.00,78.44
0,872,0.00,0.00,219.78
0,873,0.00,0.00,63.05
0,874,0.00,0.00,38.70
0,875,0.00,0.00,38.36
0,876,0.00,0.00,38.15
0,877,0.00,0.00,38.17
0,878,0.00,0.00,38.44
0,879,0.00,0.00,69.91
0,880,0.00,0.00,42.46
0,881,0.00,0.00,41.33
0,882,0.00,0.00,42.03
0,883,0.00,0.00,40.91
0,884,0.00,0.00,40.78
0,885,0.00,0.00,43.43
0,886,0.00,0.00,43.02
0,887,0.00,0.00,43.02
0,888,0.00,0.00,42.64
0,889,0.00,0.00,43.16
0,890,0.00,0.00,43.76
0,891,0.00,0.00,43.56
0,892,0.00,0.00,43.59
0,893,0.00,0.00,43.58
0,894,0.00,0.00,45.94
0,895,0.00,0.00,44.67
0,896,0.00,0.00,55.41
0,897,0.00,0.00,45.29
0,898,0.00,0.00,47.40
0,899,0.00,0.00,48.09
0,900,0.00,0.00,48.09
0,901,0.00,0.00,47.91
0,902,0.00,0.00,49.40
0,903,0.00,0.00,50.28
0,904,0.00,0.00,49.98
0,905,0.00,0.00,49.99
0,906,0.00,0.00,51.99
0,907,0.00,0.00,52.65
0,908,0.00,0.00,53.12
0,909,0.00,0.00,52.76
0,910,0.00,0.00,55.86
0,911,0.00,0.00,54.76
0,912,0.00,0.00,54.55
0,913,0.00,0.00,55.50
0,914,0.00,0.00,56.12
0,915,0.00,0.00,55.27
0,916,0.00,0.00,56.23
0,917,0.00,0.00,55.58
0,918,0.00,0.00,55.90
0,919,0.00,0.00,55.83
0,920,0.00,0.00,55.64
0,921,0.00,0.00,57.67
0,922,0.00,0.00,55.41
0,923,0.00,0.00,56.73
0,924,0.00,0.00,56.68
0,925,0.00,0.00,56.54
0,926,0.00,0.00,57.15
0,927,0.00,0.00,57.30
0,928,0.00,0.00,57.61
0,929,0.00,0.00,59.23
0,930,0.00,0.00,67.53
0,931,0.00,0.00,55.87
0,932,0.00,0.00,55.12
0,933,0.00,0.00,62.77
0,934,0.00,0.00,55.48
0,935,0.00,0.00,55.50
0,936,0.00,0.00,55.11
0,937,0.00,0.00,54.34
0,938,0.00,0.00,55.42
0,939,0.00,0.00,54.40
0,940,0.00,0.00,53.87
0,941,0.00,0.00,54.59
0,942,0.00,0.00,54.02
0,943,0.00,0.00,55.73
0,944,0.00,0.00,59.96
0,945,0.00,0.00,54.73
0,946,0.00,0.00,53.88
0,947,0.00,0.00,53.27
0,948,0.00,0.00,53.43
0,949,0.00,0.00,56.55
0,950,0.00,0.00,63.64
0,951,0.00,0.00,53.32
0,952,0.00,0.00,53.50
0,953,0.00,0.00,53.42
0,954,0.00,0.00,54.74
0,955,0.00,0.00,53.94
0,956,0.00,0.00,54.29
0,957,0.00,0.00,53.09
0,958,0.00,0.00,53.31
0,959,0.00,0.00,52.25
0,960,0.00,0.00,52.27
0,961,0.00,0.00,52.01
0,962,0.00,0.00,52.35
0,963,0.00,0.00,62.26
0,964,0.00,0.00,51.61
0,965,0.00,0.00,51.55
0,966,0.00,0.00,52.10
0,967,0.00,0.00,52.02
0,968,0.00,0.00,52.25
0,969,0.00,0.00,51.63
0,970,0.00,0.00,51.84
0,971,0.00,0.00,51.80
0,972,0.00,0.00,53.11
0,973,0.00,0.00,52.05
0,974,0.00,0.00,52.27
0,975,0.00,0.00,50.00
0,976,0.00,0.00,49.94
0,977,0.00,0.00,50.89
0,978,0.00,0.00,50.58
0,979,0.00,0.00,50.34
0,980,0.00,0.00,50.34
0,981,0.00,0.00,52.68
0,982,0.00,0.00,50.99
0,983,0.00,0.00,50.18
0,984,0.00,0.00,50.39
0,985,0.00,0.00,50.87
0,986,0.00,0.00,50.61
0,987,0.00,0.00,50.44
0,988,0.00,0.00,50.38
0,989,0.00,0.00,51.01
0,990,0.00,0.00,50.88
0,991,0.00,0.00,50.60
0,992,0.00,0.00,49.99
0,993,0.00,0.00,51.23
0,994,0.00,0.00,51.26
0,995,0.00,0.00,49.61
0,996,0.00,0.00,50.62
0,997,0.00,0.00,52.07
0,998,0.00,0.00,61.56
0,999,0.00,0.00,51.37
0,1000,0.00,0.00,48.68
0,1001,0.00,0.00,49.43
0,1002,0.00,0.00,49.60
0,1003,0.00,0.00,48.20
0,1004,0.00,0.00,49.27
0,1005,0.00,0.00,49.14
0,1006,0.00,0.00,48.99
0,1007,0.00,0.00,48.42
0,1008,0.00,0.00,49.17
0,1009,0.00,0.00,49.14
0,1010,0.00,0.00,50.28
0,1011,0.00,0.00,374.00
0,1012,0.00,0.00,44.82
0,1013,0.00,0.00,42.82
0,1014,0.00,0.00,48.30
0,1015,0.00,0.00,43.51
0,1016,0.00,0.00,42.49
0,1017,0.00,0.00,45.28
0,1018,0.00,0.00,45.33
0,1019,0.00,0.00,45.63
0,1020,0.00,0.00,46.14
0,1021,0.00,0.00,55.33
0,1022,0.00,0.00,45.12
0,1023,0.00,0.00,45.07
0,1024,0.00,0.00,44.83
0,1025,0.00,0.00,47.39
0,1026,0.00,0.00,49.04
0,1027,0.00,0.00,48.69
0,1028,0.00,0.00,49.39
0,1029,0.00,0.00,50.34
0,1030,0.00,0.00,50.42
0,1031,0.00,0.00,49.93
0,1032,0.00,0.00,50.53
0,1033,0.00,0.00,51.22
0,1034,0.00,0.00,52.70
0,1035,0.00,0.00,53.28
0,1036,0.00,0.00,52.61
0,1037,0.00,0.00,54.06
0,1038,0.00,0.00,68.12
0,1039,0.00,0.00,55.50
0,1040,0.00,0.00,55.82
0,1041,0.00,0.00,57.74
0,1042,0.00,0.00,57.71
0,1043,0.00,0.00,57.57
0,1044,0.00,0.00,60.12
0,1045,0.00,0.00,60.77
0,1046,0.00,0.00,61.34
0,1047,0.00,0.00,61.79
0,1048,0.00,0.00,60.16
0,1049,0.00,0.00,60.71
0,1050,0.00,0.00,59.88
0,1051,0.00,0.00,59.90
0,1052,0.00,0.00,59.91
0,1053,0.00,0.00,60.05
0,1054,0.00,0.00,60.74
0,1055,0.00,0.00,61.82
0,1056,0.00,0.00,62.37
0,1057,0.00,0.00,61.71
0,1058,0.00,0.00,62.13
0,1059,0.00,0.00,62.77
0,1060,0.00,0.00,62.27
0,1061,0.00,0.00,77.60
0,1062,0.00,0.00,63.41
0,1063,0.00,0.00,62.86
0,1064,0.00,0.00,951.67
0,1065,0.00,0.00,55.96
0,1066,0.00,0.00,43.23
0,1067,0.00,0.00,43.85
0,1068,0.00,0.00,45.55
0,1069,0.00,0.00,45.47
0,1070,0.00,0.00,45.78
0,1071,0.00,0.00,56.80
0,1072,0.00,0.00,46.50
0,1073,0.00,0.00,46.70
0,1074,0.00,0.00,46.68
0,1075,0.00,0.00,46.75
0,1076,0.00,0.00,379.68
0,1077,0.00,0.00,43.09
0,1078,0.00,0.00,41.21
0,1079,0.00,0.00,42.65
0,1080,0.00,0.00,41.00
0,1081,0.00,0.00,40.44
0,1082,0.00,0.00,40.20
0,1083,0.00,0.00,40.01
0,1084,0.00,0.00,39.78
0,1085,0.00,0.00,41.40
0,1086,0.00,0.00,40.80
0,1087,0.00,0.00,52.27
0,1088,0.00,0.00,41.42
0,1089,0.00,0.00,41.62
0,1090,0.00,0.00,41.66
0,1091,0.00,0.00,42.45
0,1092,0.00,0.00,41.94
0,1093,0.00,0.00,44.76
0,1094,0.00,0.00,44.27
0,1095,0.00,0.00,44.34
0,1096,0.00,0.00,44.31
0,1097,0.00,0.00,45.16
0,1098,0.00,0.00,57.87
0,1099,0.00,0.00,45.51
0,1100,0.00,0.00,45.16
0,1101,0.00,0.00,45.12
0,1102,0.00,0.00,45.12
0,1103,0.00,0.00,44.39
0,1104,0.00,0.00,44.58
0,1105,0.00,0.00,47.06
0,1106,0.00,0.00,46.39
0,1107,0.00,0.00,46.48
0,1108,0.00,0.00,47.68
0,1109,0.00,0.00,48.39
0,1110,0.00,0.00,50.92
0,1111,0.00,0.00,50.82
0,1112,0.00,0.00,50.79
0,1113,0.00,0.00,51.76
0,1114,0.00,0.00,53.62
0,1115,0.00,0.00,52.19
0,1116,0.00,0.00,69.54
0,1117,0.00,0.00,51.07
0,1118,0.00,0.00,51.14
0,1119,0.00,0.00,51.17
0,1120,0.00,0.00,51.24
0,1121,0.00,0.00,205.33
0,1122,0.00,0.00,109.61
0,1123,0.00,0.00,45.36
0,1124,0.00,0.00,161.61
0,1125,0.00,0.00,240.74
0,1126,0.00,0.00,41.55
0,1127,0.00,0.00,40.39
0,1128,0.00,0.00,39.54
0,1129,0.00,0.00,41.08
0,1130,0.00,0.00,41.42
0,1131,0.00,0.00,41.77
0,1132,0.00,0.00,41.52
0,1133,0.00,0.00,42.42
0,1134,0.00,0.00,43.35
0,1135,0.00,0.00,43.21
0,1136,0.00,0.00,44.18
0,1137,0.00,0.00,43.81
0,1138,0.00,0.00,56.09
0,1139,0.00,0.00,48.94
0,1140,0.00,0.00,43.59
0,1141,0.00,0.00,44.01
0,1142,0.00,0.00,44.69
0,1143,0.00,0.00,45.32
0,1144,0.00,0.00,45.24
0,1145,0.00,0.00,85.66
0,1146,0.00,0.00,75.55
0,1147,0.00,0.00,48.95
0,1148,0.00,0.00,58.48
0,1149,0.00,0.00,44.53
0,1150,0.00,0.00,1248.38
0,1151,0.00,0.00,54.59
0,1152,0.00,0.00,53.99
0,1153,0.00,0.00,53.66
0,1154,0.00,0.00,53.69
0,1155,0.00,0.00,121.67
0,1156,0.00,0.00,51.38
0,1157,0.00,0.00,50.25
0,1158,0.00,0.00,50.25
0,1159,0.00,0.00,49.93
0,1160,0.00,0.00,49.31
0,1161,0.00,0.00,45.71
0,1162,0.00,0.00,45.44
0,1163,0.00,0.00,45.15
0,1164,0.00,0.00,45.68
0,1165,0.00,0.00,44.73
0,1166,0.00,0.00,44.35
0,1167,0.00,0.00,46.43
0,1168,0.00,0.00,46.11
0,1169,0.00,0.00,46.32
0,1170,0.00,0.00,46.07
0,1171,0.00,0.00,48.64
0,1172,0.00,0.00,48.99
0,1173,0.00,0.00,50.73
0,1174,0.00,0.00,49.64
0,1175,0.00,0.00,48.61
0,1176,0.00,0.00,49.14
0,1177,0.00,0.00,47.66
0,1178,0.00,0.00,47.12
0,1179,0.00,0.00,49.57
0,1180,0.00,0.00,51.64
0,1181,0.00,0.00,52.54
0,1182,0.00,0.00,51.69
0,1183,0.00,0.00,50.38
0,1184,0.00,0.00,49.15
0,1185,0.00,0.00,49.30
0,1186,0.00,0.00,60.66
0,1187,0.00,0.00,50.56
0,1188,0.00,0.00,50.56
0,1189,0.00,0.00,50.73
0,1190,0.00,0.00,51.59
0,1191,0.00,0.00,54.73
0,1192,0.00,0.00,60.20
0,1193,0.00,0.00,53.98
0,1194,0.00,0.00,49.64
0,1195,0.00,0.00,49.59
0,1196,0.00,0.00,48.60
0,1197,0.00,0.00,48.25
0,1198,0.00,0.00,63.95
0,1199,0.00,0.00,56.77
0,1200,0.00,0.00,56.82
0,1201,0.00,0.00,56.88
0,1202,0.00,0.00,53.73
0,1203,0.00,0.00,54.24
0,1204,0.00,0.00,54.41
0,1205,0.00,0.00,54.70
0,1206,0.00,0.00,54.82
0,1207,0.00,0.00,56.40
0,1208,0.00,0.00,55.04
0,1209,0.00,0.00,55.11
0,1210,0.00,0.00,54.14
0,1211,0.00,0.00,54.52
0,1212,0.00,0.00,58.11
0,1213,0.00,0.00,57.04
0,1214,0.00,0.00,57.37
0,1215,0.00,0.00,55.86
0,1216,0.00,0.00,54.94
0,1217,0.00,0.00,54.65
0,1218,0.00,0.00,54.58
0,1219,0.00,0.00,67.55
0,1220,0.00,0.00,57.12
0,1221,0.00,0.00,56.84
0,1222,0.00,0.00,56.80
0,1223,0.00,0.00,56.42
0,1224,0.00,0.00,56.57
0,1225,0.00,0.00,56.48
0,1226,0.00,0.00,55.15
0,1227,0.00,0.00,53.29
0,1228,0.00,0.00,53.22
0,1229,0.00,0.00,53.28
0,1230,0.00,0.00,53.82
0,1231,0.00,0.00,55.47
0,1232,0.00,0.00,53.77
0,1233,0.00,0.00,53.80
0,1234,0.00,0.00,54.13
0,1235,0.00,0.00,53.82
0,1236,0.00,0.00,53.90
0,1237,0.00,0.00,728.01
0,1238,0.00,0.00,53.38
0,1239,0.00,0.00,52.36
0,1240,0.00,0.00,51.70
0,1241,0.00,0.00,51.63
0,1242,0.00,0.00,51.78
0,1243,0.00,0.00,51.63
0,1244,0.00,0.00,51.05
0,1245,0.00,0.00,50.31
0,1246,0.00,0.00,50.46
0,1247,0.00,0.00,52.60
0,1248,0.00,0.00,108.45
0,1249,0.00,0.00,86.88
0,1250,0.00,0.00,129.58
0,1251,0.00,0.00,80.38
0,1252,0.00,0.00,182.17
0,1253,0.00,0.00,37.74
0,1254,0.00,0.00,56.40
0,1255,0.00,0.00,261.67
0,1256,0.00,0.00,40.82
0,1257,0.00,0.00,46.01
0,1258,0.00,0.00,39.89
0,1259,0.00,0.00,39.31
0,1260,0.00,0.00,39.52
0,1261,0.00,0.00,39.90
0,1262,0.00,0.00,41.95
0,1263,0.00,0.00,41.36
0,1264,0.00,0.00,41.50
0,1265,0.00,0.00,41.82
0,1266,0.00,0.00,43.47
0,1267,0.00,0.00,45.35
0,1268,0.00,0.00,45.65
0,1269,0.00,0.00,45.67
0,1270,0.00,0.00,44.62
0,1271,0.00,0.00,43.97
0,1272,0.00,0.00,44.58
0,1273,0.00,0.00,45.24
0,1274,0.00,0.00,43.83
0,1275,0.00,0.00,47.20
0,1276,0.00,0.00,46.76
0,1277,0.00,0.00,47.05
0,1278,0.00,0.00,48.92
0,1279,0.00,0.00,48.86
0,1280,0.00,0.00,49.54
0,1281,0.00,0.00,47.61
0,1282,0.00,0.00,47.01
0,1283,0.00,0.00,46.63
0,1284,0.00,0.00,46.08
0,1285,0.00,0.00,452.21
0,1286,0.00,0.00,44.24
0,1287,0.00,0.00,42.85
0,1288,0.00,0.00,42.54
0,1289,0.00,0.00,42.59
0,1290,0.00,0.00,42.61
0,1291,0.00,0.00,42.41
0,1292,0.00,0.00,43.07
0,1293,0.00,0.00,43.60
0,1294,0.00,0.00,42.26
0,1295,0.00,0.00,40.65
0,1296,0.00,0.00,39.15
0,1297,0.00,0.00,39.15
0,1298,0.00,0.00,38.96
0,1299,0.00,0.00,39.39
0,1300,0.00,0.00,39.33
0,1301,0.00,0.00,38.95
0,1302,0.00,0.00,38.73
0,1303,0.00,0.00,39.94
0,1304,0.00,0.00,40.11
0,1305,0.00,0.00,41.86
0,1306,0.00,0.00,40.25
0,1307,0.00,0.00,40.76
0,1308,0.00,0.00,59.79
0,1309,0.00,0.00,43.78
0,1310,0.00,0.00,43.61
0,1311,0.00,0.00,43.43
0,1312,0.00,0.00,43.99
0,1313,0.00,0.00,44.95
0,1314,0.00,0.00,45.98
0,1315,0.00,0.00,44.60
0,1316,0.00,0.00,45.10
0,1317,0.00,0.00,48.67
0,1318,0.00,0.00,64.20
0,1319,0.00,0.00,46.88
0,1320,0.00,0.00,48.12
0,1321,0.00,0.00,48.52
0,1322,0.00,0.00,49.06
0,1323,0.00,0.00,49.41
0,1324,0.00,0.00,53.21
0,1325,0.00,0.00,57.28
0,1326,0.00,0.00,56.77
0,1327,0.00,0.00,64.74
0,1328,0.00,0.00,51.17
0,1329,0.00,0.00,50.50
0,1330,0.00,0.00,50.60
0,1331,0.00,0.00,51.78
0,1332,0.00,0.00,52.62
0,1333,0.00,0.00,53.12
0,1334,0.00,0.00,53.80
0,1335,0.00,0.00,54.18
0,1336,0.00,0.00,67.96
0,1337,0.00,0.00,53.28
0,1338,0.00,0.00,53.42
0,1339,0.00,0.00,53.91
0,1340,0.00,0.00,53.35
0,1341,0.00,0.00,54.39
0,1342,0.00,0.00,54.70
0,1343,0.00,0.00,53.84
0,1344,0.00,0.00,54.45
0,1345,0.00,0.00,55.10
0,1346,0.00,0.00,56.70
0,1347,0.00,0.00,55.10
0,1348,0.00,0.00,54.73
0,1349,0.00,0.00,55.57
0,1350,0.00,0.00,56.89
0,1351,0.00,0.00,56.81
0,1352,0.00,0.00,54.27
0,1353,0.00,0.00,54.41
0,1354,0.00,0.00,65.85
0,1355,0.00,0.00,196.72
0,1356,0.00,0.00,44.61
0,1357,0.00,0.00,44.04
0,1358,0.00,0.00,44.28
0,1359,0.00,0.00,82.71
0,1360,0.00,0.00,45.07
0,1361,0.00,0.00,44.14
0,1362,0.00,0.00,44.52
0,1363,0.00,0.00,45.64
0,1364,0.00,0.00,42.59
0,1365,0.00,0.00,43.65
0,1366,0.00,0.00,45.60
0,1367,0.00,0.00,45.29
0,1368,0.00,0.00,45.62
0,1369,0.00,0.00,45.68
0,1370,0.00,0.00,46.37
0,1371,0.00,0.00,45.88
0,1372,0.00,0.00,46.78
0,1373,0.00,0.00,46.98
0,1374,0.00,0.00,47.11
0,1375,0.00,0.00,47.94
0,1376,0.00,0.00,47.48
0,1377,0.00,0.00,47.25
0,1378,0.00,0.00,48.42
0,1379,0.00,0.00,50.28
0,1380,0.00,0.00,49.22
0,1381,0.00,0.00,48.78
0,1382,0.00,0.00,50.06
0,1383,0.00,0.00,51.05
0,1384,0.00,0.00,50.76
0,1385,0.00,0.00,50.73
0,1386,0.00,0.00,54.67
0,1387,0.00,0.00,55.34
0,1388,0.00,0.00,55.52
0,1389,0.00,0.00,55.00
0,1390,0.00,0.00,54.47
0,1391,0.00,0.00,55.10
0,1392,0.00,0.00,70.91
0,1393,0.00,0.00,65.71
0,1394,0.00,0.00,55.22
0,1395,0.00,0.00,55.01
0,1396,0.00,0.00,53.55
0,1397,0.00,0.00,56.41
0,1398,0.00,0.00,63.43
0,1399,0.00,0.00,61.14
0,1400,0.00,0.00,55.58
0,1401,0.00,0.00,55.54
0,1402,0.00,0.00,55.64
0,1403,0.00,0.00,56.25
0,1404,0.00,0.00,56.43
0,1405,0.00,0.00,56.28
0,1406,0.00,0.00,56.40
0,1407,0.00,0.00,56.88
0,1408,0.00,0.00,57.41
0,1409,0.00,0.00,57.67
0,1410,0.00,0.00,55.44
0,1411,0.00,0.00,56.85
0,1412,0.00,0.00,55.57
0,1413,0.00,0.00,55.75
0,1414,0.00,0.00,55.75
0,1415,0.00,0.00,55.58
0,1416,0.00,0.00,55.84
0,1417,0.00,0.00,55.91
0,1418,0.00,0.00,56.07
0,1419,0.00,0.00,56.23
0,1420,0.00,0.00,56.91
0,1421,0.00,0.00,56.21
0,1422,0.00,0.00,56.00
0,1423,0.00,0.00,55.78
0,1424,0.00,0.00,56.36
0,1425,0.00,0.00,67.20
0,1426,0.00,0.00,55.98
0,1427,0.00,0.00,51.98
0,1428,0.00,0.00,54.52
0,1429,0.00,0.00,53.77
0,1430,0.00,0.00,57.18
0,1431,0.00,0.00,57.47
0,1432,0.00,0.00,55.99
0,1433,0.00,0.00,56.86
0,1434,0.00,0.00,56.43
0,1435,0.00,0.00,56.29
0,1436,0.00,0.00,56.56
0,1437,0.00,0.00,56.89
0,1438,0.00,0.00,56.43
0,1439,0.00,0.00,56.42
0,1440,0.00,0.00,55.33
0,1441,0.00,0.00,56.14
0,1442,0.00,0.00,55.36
0,1443,0.00,0.00,55.53
0,1444,0.00,0.00,55.34
0,1445,0.00,0.00,56.56
0,1446,0.00,0.00,56.10
0,1447,0.00,0.00,54.68
0,1448,0.00,0.00,52.47
0,1449,0.00,0.00,53.47
0,1450,0.00,0.00,54.56
0,1451,0.00,0.00,54.97
0,1452,0.00,0.00,56.23
0,1453,0.00,0.00,57.12
0,1454,0.00,0.00,55.04
0,1455,0.00,0.00,53.22
0,1456,0.00,0.00,53.77
0,1457,0.00,0.00,54.02
0,1458,0.00,0.00,55.33
0,1459,0.00,0.00,53.66
0,1460,0.00,0.00,53.51
0,1461,0.00,0.00,53.03
0,1462,0.00,0.00,58.07
0,1463,0.00,0.00,53.40
0,1464,0.00,0.00,53.09
0,1465,0.00,0.00,53.61
0,1466,0.00,0.00,53.64
0,1467,0.00,0.00,56.05
0,1468,0.00,0.00,66.70
0,1469,0.00,0.00,52.03
0,1470,0.00,0.00,51.47
0,1471,0.00,0.00,51.85
0,1472,0.00,0.00,52.08
0,1473,0.00,0.00,51.68
0,1474,0.00,0.00,52.42
0,1475,0.00,0.00,51.73
0,1476,0.00,0.00,51.54
0,1477,0.00,0.00,53.77
0,1478,0.00,0.00,51.66
0,1479,0.00,0.00,52.76
0,1480,0.00,0.00,54.68
0,1481,0.00,0.00,52.60
0,1482,0.00,0.00,52.57
0,1483,0.00,0.00,51.60
0,1484,0.00,0.00,52.79
0,1485,0.00,0.00,51.98
0,1486,0.00,0.00,54.54
0,1487,0.00,0.00,56.77
0,1488,0.00,0.00,54.47
0,1489,0.00,0.00,54.17
0,1490,0.00,0.00,51.85
0,1491,0.00,0.00,64.36
0,1492,0.00,0.00,52.95
0,1493,0.00,0.00,52.44
0,1494,0.00,0.00,52.91
0,1495,0.00,0.00,52.62
0,1496,0.00,0.00,52.59
0,1497,0.00,0.00,50.70
0,1498,0.00,0.00,52.48
0,1499,0.00,0.00,51.12
0,1500,0.00,0.00,50.41
0,1501,0.00,0.00,52.25
0,1502,0.00,0.00,52.06
0,1503,0.00,0.00,53.79
0,1504,0.00,0.00,52.47
0,1505,0.00,0.00,54.24
0,1506,0.00,0.00,54.14
0,1507,0.00,0.00,53.99
0,1508,0.00,0.00,54.13
0,1509,0.00,0.00,54.31
0,1510,0.00,0.00,53.78
0,1511,0.00,0.00,53.97
0,1512,0.00,0.00,54.83
0,1513,0.00,0.00,55.79
0,1514,0.00,0.00,55.96
0,1515,0.00,0.00,53.92
0,1516,0.00,0.00,53.09
0,1517,0.00,0.00,54.31
0,1518,0.00,0.00,54.87
0,1519,0.00,0.00,54.80
0,1520,0.00,0.00,54.86
0,1521,0.00,0.00,54.67
0,1522,0.00,0.00,54.40
0,1523,0.00,0.00,55.76
0,1524,0.00,0.00,56.43
0,1525,0.00,0.00,67.15
0,1526,0.00,0.00,53.73
0,1527,0.00,0.00,53.26
0,1528,0.00,0.00,53.18
0,1529,0.00,0.00,53.54
0,1530,0.00,0.00,53.83
0,1531,0.00,0.00,53.30
0,1532,0.00,0.00,53.57
0,1533,0.00,0.00,53.28
0,1534,0.00,0.00,53.56
0,1535,0.00,0.00,57.88
0,1536,0.00,0.00,53.63
0,1537,0.00,0.00,53.35
0,1538,0.00,0.00,53.35
0,1539,0.00,0.00,53.98
0,1540,0.00,0.00,66.01
0,1541,0.00,0.00,61.71
0,1542,0.00,0.00,53.18
0,1543,0.00,0.00,52.86
0,1544,0.00,0.00,53.49
0,1545,0.00,0.00,53.12
0,1546,0.00,0.00,52.76
0,1547,0.00,0.00,54.62
0,1548,0.00,0.00,53.77
0,1549,0.00,0.00,52.82
0,1550,0.00,0.00,53.36
0,1551,0.00,0.00,54.76
0,1552,0.00,0.00,53.07
0,1553,0.00,0.00,54.55
0,1554,0.00,0.00,53.26
0,1555,0.00,0.00,50.19
0,1556,0.00,0.00,50.42
0,1557,0.00,0.00,50.42
0,1558,0.00,0.00,50.91
0,1559,0.00,0.00,64.06
0,1560,0.00,0.00,55.11
0,1561,0.00,0.00,54.54
0,1562,0.00,0.00,146.27
0,1563,0.00,0.00,43.42
0,1564,0.00,0.00,51.47
0,1565,0.00,0.00,150.76
0,1566,0.00,0.00,43.96
0,1567,0.00,0.00,42.47
0,1568,0.00,0.00,42.22
0,1569,0.00,0.00,42.26
0,1570,0.00,0.00,42.27
0,1571,0.00,0.00,42.39
0,1572,0.00,0.00,42.84
0,1573,0.00,0.00,42.93
0,1574,0.00,0.00,44.03
0,1575,0.00,0.00,44.16
0,1576,0.00,0.00,43.99
0,1577,0.00,0.00,44.33
0,1578,0.00,0.00,45.38
0,1579,0.00,0.00,45.15
0,1580,0.00,0.00,45.71
0,1581,0.00,0.00,45.31
0,1582,0.00,0.00,45.18
0,1583,0.00,0.00,45.94
0,1584,0.00,0.00,45.82
0,1585,0.00,0.00,45.74
0,1586,0.00,0.00,46.14
0,1587,0.00,0.00,49.38
0,1588,0.00,0.00,50.95
0,1589,0.00,0.00,51.79
0,1590,0.00,0.00,50.88
0,1591,0.00,0.00,51.98
0,1592,0.00,0.00,51.56
0,1593,0.00,0.00,51.44
0,1594,0.00,0.00,51.36
0,1595,0.00,0.00,53.40
0,1596,0.00,0.00,53.59
0,1597,0.00,0.00,53.45
0,1598,0.00,0.00,63.32
0,1599,0.00,0.00,55.27
0,1600,0.00,0.00,53.98
0,1601,0.00,0.00,52.33
0,1602,0.00,0.00,52.03
0,1603,0.00,0.00,53.15
0,1604,0.00,0.00,52.56
0,1605,0.00,0.00,53.56
0,1606,0.00,0.00,53.27
0,1607,0.00,0.00,54.02
0,1608,0.00,0.00,53.35
0,1609,0.00,0.00,53.79
0,1610,0.00,0.00,60.96
0,1611,0.00,0.00,55.67
0,1612,0.00,0.00,54.66
0,1613,0.00,0.00,56.32
0,1614,0.00,0.00,58.07
0,1615,0.00,0.00,330.34
0,1616,0.00,0.00,56.68
0,1617,0.00,0.00,61.99
0,1618,0.00,0.00,39.51
0,1619,0.00,0.00,39.68
0,1620,0.00,0.00,41.12
0,1621,0.00,0.00,41.20
0,1622,0.00,0.00,41.01
0,1623,0.00,0.00,41.74
0,1624,0.00,0.00,42.21
0,1625,0.00,0.00,42.44
0,1626,0.00,0.00,42.05
0,1627,0.00,0.00,41.72
0,1628,0.00,0.00,42.21
0,1629,0.00,0.00,42.82
0,1630,0.00,0.00,100.37
0,1631,0.00,0.00,57.80
0,1632,0.00,0.00,59.01
0,1633,0.00,0.00,52.19
0,1634,0.00,0.00,52.14
0,1635,0.00,0.00,53.79
0,1636,0.00,0.00,53.75
0,1637,0.00,0.00,53.11
0,1638,0.00,0.00,53.35
0,1639,0.00,0.00,51.84
0,1640,0.00,0.00,51.70
0,1641,0.00,0.00,51.50
0,1642,0.00,0.00,53.22
0,1643,0.00,0.00,51.78
0,1644,0.00,0.00,70.74
0,1645,0.00,0.00,42.44
0,1646,0.00,0.00,42.55
0,1647,0.00,0.00,42.24
0,1648,0.00,0.00,41.48
0,1649,0.00,0.00,42.23
0,1650,0.00,0.00,43.50
0,1651,0.00,0.00,41.99
0,1652,0.00,0.00,42.07
0,1653,0.00,0.00,42.24
0,1654,0.00,0.00,41.27
0,1655,0.00,0.00,40.94
0,1656,0.00,0.00,41.21
0,1657,0.00,0.00,43.14
0,1658,0.00,0.00,44.82
0,1659,0.00,0.00,44.58
0,1660,0.00,0.00,54.86
0,1661,0.00,0.00,44.01
0,1662,0.00,0.00,43.42
0,1663,0.00,0.00,44.28
0,1664,0.00,0.00,53.32
0,1665,0.00,0.00,53.05
0,1666,0.00,0.00,120.41
0,1667,0.00,0.00,42.96
0,1668,0.00,0.00,51.28
0,1669,0.00,0.00,69.64
0,1670,0.00,0.00,307.32
0,1671,0.00,0.00,196.81
0,1672,0.00,0.00,93.45
0,1673,0.00,0.00,159.57
0,1674,0.00,0.00,63.07
0,1675,0.00,0.00,46.11
0,1676,0.00,0.00,54.51
0,1677,0.00,0.00,66.86
0,1678,0.00,0.00,42.09
0,1679,0.00,0.00,41.58
0,1680,0.00,0.00,42.27
0,1681,0.00,0.00,42.90
0,1682,0.00,0.00,42.63
0,1683,0.00,0.00,51.99
0,1684,0.00,0.00,52.63
0,1685,0.00,0.00,45.10
0,1686,0.00,0.00,44.61
0,1687,0.00,0.00,44.35
0,1688,0.00,0.00,65.50
0,1689,0.00,0.00,42.61
0,1690,0.00,0.00,42.53
0,1691,0.00,0.00,49.37
0,1692,0.00,0.00,44.79
0,1693,0.00,0.00,774.51
0,1694,0.00,0.00,42.85
0,1695,0.00,0.00,42.04
0,1696,0.00,0.00,41.61
0,1697,0.00,0.00,41.52
0,1698,0.00,0.00,45.00
0,1699,0.00,0.00,45.10
0,1700,0.00,0.00,45.10
0,1701,0.00,0.00,45.06
0,1702,0.00,0.00,44.49
0,1703,0.00,0.00,43.87
0,1704,0.00,0.00,44.22
0,1705,0.00,0.00,46.22
0,1706,0.00,0.00,44.19
0,1707,0.00,0.00,46.58
0,1708,0.00,0.00,45.95
0,1709,0.00,0.00,47.20
0,1710,0.00,0.00,45.92
0,1711,0.00,0.00,49.05
0,1712,0.00,0.00,51.35
0,1713,0.00,0.00,50.08
0,1714,0.00,0.00,49.62
0,1715,0.00,0.00,48.86
0,1716,0.00,0.00,48.46
0,1717,0.00,0.00,50.01
0,1718,0.00,0.00,47.96
0,1719,0.00,0.00,49.91
0,1720,0.00,0.00,50.71
0,1721,0.00,0.00,52.05
0,1722,0.00,0.00,63.12
0,1723,0.00,0.00,54.14
0,1724,0.00,0.00,54.18
0,1725,0.00,0.00,54.38
0,1726,0.00,0.00,56.16
0,1727,0.00,0.00,56.00
0,1728,0.00,0.00,56.07
0,1729,0.00,0.00,56.48
0,1730,0.00,0.00,55.50
0,1731,0.00,0.00,55.26
0,1732,0.00,0.00,55.68
0,1733,0.00,0.00,55.96
0,1734,0.00,0.00,57.89
0,1735,0.00,0.00,57.56
0,1736,0.00,0.00,57.59
0,1737,0.00,0.00,72.30
0,1738,0.00,0.00,57.17
0,1739,0.00,0.00,56.74
0,1740,0.00,0.00,58.38
0,1741,0.00,0.00,61.93
0,1742,0.00,0.00,75.23
0,1743,0.00,0.00,60.29
0,1744,0.00,0.00,59.07
0,1745,0.00,0.00,59.96
0,1746,0.00,0.00,58.78
0,1747,0.00,0.00,63.28
0,1748,0.00,0.00,65.33
0,1749,0.00,0.00,64.18
0,1750,0.00,0.00,63.04
0,1751,0.00,0.00,61.60
0,1752,0.00,0.00,72.50
0,1753,0.00,0.00,63.98
0,1754,0.00,0.00,63.83
0,1755,0.00,0.00,64.59
0,1756,0.00,0.00,64.01
0,1757,0.00,0.00,65.87
0,1758,0.00,0.00,64.44
0,1759,0.00,0.00,86.37
0,1760,0.00,0.00,66.01
0,1761,0.00,0.00,65.58
0,1762,0.00,0.00,67.10
0,1763,0.00,0.00,66.23
0,1764,0.00,0.00,67.71
0,1765,0.00,0.00,62.07
0,1766,0.00,0.00,62.13
0,1767,0.00,0.00,62.48
0,1768,0.00,0.00,67.76
0,1769,0.00,0.00,68.68
0,1770,0.00,0.00,69.61
0,1771,0.00,0.00,67.78
0,1772,0.00,0.00,68.27
0,1773,0.00,0.00,68.04
0,1774,0.00,0.00,68.55
0,1775,0.00,0.00,69.69
0,1776,0.00,0.00,68.65
0,1777,0.00,0.00,64.38
0,1778,0.00,0.00,64.59
0,1779,0.00,0.00,64.42
0,1780,0.00,0.00,81.40
0,1781,0.00,0.00,69.64
0,1782,0.00,0.00,69.26
0,1783,0.00,0.00,70.87
0,1784,0.00,0.00,72.66
0,1785,0.00,0.00,71.54
0,1786,0.00,0.00,72.17
0,1787,0.00,0.00,71.70
0,1788,0.00,0.00,67.82
0,1789,0.00,0.00,68.97
0,1790,0.00,0.00,68.59
0,1791,0.00,0.00,71.03
0,1792,0.00,0.00,71.21
0,1793,0.00,0.00,71.19
0,1794,0.00,0.00,66.14
0,1795,0.00,0.00,66.07
0,1796,0.00,0.00,71.79
0,1797,0.00,0.00,66.34
0,1798,0.00,0.00,66.66
0,1799,0.00,0.00,66.38
0,1800,0.00,0.00,64.18
0,1801,0.00,0.00,75.15
0,1802,0.00,0.00,64.38
0,1803,0.00,0.00,64.79
0,1804,0.00,0.00,64.87
0,1805,0.00,0.00,64.11
0,1806,0.00,0.00,77.04
0,1807,0.00,0.00,64.40
0,1808,0.00,0.00,63.62
0,1809,0.00,0.00,64.04
0,1810,0.00,0.00,63.74
0,1811,0.00,0.00,64.52
0,1812,0.00,0.00,62.10
0,1813,0.00,0.00,62.16
0,1814,0.00,0.00,62.80
0,1815,0.00,0.00,62.19
0,1816,0.00,0.00,61.95
0,1817,0.00,0.00,62.04
0,1818,0.00,0.00,1926.23
0,1819,0.00,0.00,53.44
0,1820,0.00,0.00,42.88
0,1821,0.00,0.00,41.73
0,1822,0.00,0.00,42.08
0,1823,0.00,0.00,39.67
0,1824,0.00,0.00,49.26
0,1825,0.00,0.00,41.43
0,1826,0.00,0.00,49.84
0,1827,0.00,0.00,41.37
0,1828,0.00,0.00,50.28
0,1829,0.00,0.00,44.61
0,1830,0.00,0.00,52.62
0,1831,0.00,0.00,60.46
0,1832,0.00,0.00,49.08
0,1833,0.00,0.00,42.14
0,1834,0.00,0.00,42.05
0,1835,0.00,0.00,42.40
0,1836,0.00,0.00,53.53
0,1837,0.00,0.00,56.25
0,1838,0.00,0.00,50.46
0,1839,0.00,0.00,111.02
0,1840,0.00,0.00,47.31
0,1841,0.00,0.00,62.21
0,1842,0.00,0.00,921.57
0,1843,0.00,0.00,55.41
0,1844,0.00,0.00,54.26
0,1845,0.00,0.00,54.14
0,1846,0.00,0.00,54.76
0,1847,0.00,0.00,54.73
0,1848,0.00,0.00,55.38
0,1849,0.00,0.00,60.26
0,1850,0.00,0.00,60.11
0,1851,0.00,0.00,59.34
0,1852,0.00,0.00,61.67
0,1853,0.00,0.00,59.42
0,1854,0.00,0.00,59.01
0,1855,0.00,0.00,68.47
0,1856,0.00,0.00,53.27
0,1857,0.00,0.00,52.75
0,1858,0.00,0.00,53.08
0,1859,0.00,0.00,53.67
0,1860,0.00,0.00,53.30
0,1861,0.00,0.00,53.24
0,1862,0.00,0.00,53.44
0,1863,0.00,0.00,53.31
0,1864,0.00,0.00,54.49
0,1865,0.00,0.00,52.86
0,1866,0.00,0.00,52.88
0,1867,0.00,0.00,52.42
0,1868,0.00,0.00,53.10
0,1869,0.00,0.00,51.82
0,1870,0.00,0.00,51.07
0,1871,0.00,0.00,51.20
0,1872,0.00,0.00,51.24
0,1873,0.00,0.00,52.62
0,1874,0.00,0.00,51.18
0,1875,0.00,0.00,51.07
0,1876,0.00,0.00,51.07
0,1877,0.00,0.00,52.02
0,1878,0.00,0.00,51.50
0,1879,0.00,0.00,53.50
0,1880,0.00,0.00,51.35
0,1881,0.00,0.00,51.04
0,1882,0.00,0.00,51.93
0,1883,0.00,0.00,53.27
0,1884,0.00,0.00,51.64
0,1885,0.00,0.00,50.65
0,1886,0.00,0.00,51.83
0,1887,0.00,0.00,51.07
0,1888,0.00,0.00,49.95
0,1889,0.00,0.00,239.69
0,1890,0.00,0.00,41.67
0,1891,0.00,0.00,39.33
0,1892,0.00,0.00,81.53
0,1893,0.00,0.00,1081.15
0,1894,0.00,0.00,40.85
0,1895,0.00,0.00,39.54
0,1896,0.00,0.00,53.47
0,1897,0.00,0.00,100.00
0,1898,0.00,0.00,43.18
0,1899,0.00,0.00,66.35
0,1900,0.00,0.00,49.59
0,1901,0.00,0.00,76.66
0,1902,0.00,0.00,61.10
0,1903,0.00,0.00,39.38
0,1904,0.00,0.00,104.81
0,1905,0.00,0.00,1699.15
0,1906,0.00,0.00,40.98
0,1907,0.00,0.00,47.00
0,1908,0.00,0.00,47.17
0,1909,0.00,0.00,48.24
0,1910,0.00,0.00,50.41
0,1911,0.00,0.00,81.32
0,1912,0.00,0.00,81.54
0,1913,0.00,0.00,43.02
0,1914,0.00,0.00,55.15
0,1915,0.00,0.00,43.36
0,1916,0.00,0.00,44.10
0,1917,0.00,0.00,44.16
0,1918,0.00,0.00,47.07
0,1919,0.00,0.00,44.50
0,1920,0.00,0.00,44.79
0,1921,0.00,0.00,45.55
0,1922,0.00,0.00,45.79
0,1923,0.00,0.00,46.35
0,1924,0.00,0.00,45.84
0,1925,0.00,0.00,48.50
0,1926,0.00,0.00,50.37
0,1927,0.00,0.00,50.14
0,1928,0.00,0.00,48.83
0,1929,0.00,0.00,49.93
0,1930,0.00,0.00,49.77
0,1931,0.00,0.00,49.13
0,1932,0.00,0.00,49.48
0,1933,0.00,0.00,53.14
0,1934,0.00,0.00,54.76
0,1935,0.00,0.00,53.96
0,1936,0.00,0.00,53.15
0,1937,0.00,0.00,53.35
0,1938,0.00,0.00,53.72
0,1939,0.00,0.00,53.44
0,1940,0.00,0.00,54.20
0,1941,0.00,0.00,55.92
0,1942,0.00,0.00,55.28
0,1943,0.00,0.00,56.78
0,1944,0.00,0.00,57.32
0,1945,0.00,0.00,58.67
0,1946,0.00,0.00,57.09
0,1947,0.00,0.00,68.30
0,1948,0.00,0.00,55.03
0,1949,0.00,0.00,54.66
0,1950,0.00,0.00,54.77
0,1951,0.00,0.00,53.51
0,1952,0.00,0.00,53.02
0,1953,0.00,0.00,53.21
0,1954,0.00,0.00,53.36
0,1955,0.00,0.00,54.37
0,1956,0.00,0.00,54.41
0,1957,0.00,0.00,53.39
0,1958,0.00,0.00,52.79
0,1959,0.00,0.00,53.49
0,1960,0.00,0.00,53.64
0,1961,0.00,0.00,60.04
0,1962,0.00,0.00,57.64
0,1963,0.00,0.00,56.65
0,1964,0.00,0.00,56.74
0,1965,0.00,0.00,62.34
0,1966,0.00,0.00,52.73
0,1967,0.00,0.00,52.94
0,1968,0.00,0.00,53.01
0,1969,0.00,0.00,53.65
0,1970,0.00,0.00,53.25
0,1971,0.00,0.00,52.89
0,1972,0.00,0.00,53.22
0,1973,0.00,0.00,52.85
0,1974,0.00,0.00,54.37
0,1975,0.00,0.00,53.53
0,1976,0.00,0.00,62.58
0,1977,0.00,0.00,52.61
0,1978,0.00,0.00,52.79
0,1979,0.00,0.00,52.41
0,1980,0.00,0.00,52.22
0,1981,0.00,0.00,51.86
0,1982,0.00,0.00,53.39
0,1983,0.00,0.00,58.26
0,1984,0.00,0.00,58.63
0,1985,0.00,0.00,55.93
0,1986,0.00,0.00,57.24
0,1987,0.00,0.00,52.38
0,1988,0.00,0.00,52.57
0,1989,0.00,0.00,62.97
0,1990,0.00,0.00,52.63
0,1991,0.00,0.00,54.11
0,1992,0.00,0.00,51.88
0,1993,0.00,0.00,51.04
0,1994,0.00,0.00,50.66
0,1995,0.00,0.00,51.25
0,1996,0.00,0.00,51.07
0,1997,0.00,0.00,52.09
0,1998,0.00,0.00,52.95
0,1999,0.00,0.00,51.54
BD_ALL_DONE
